ABA DE ORIGEM,LINHA,VIATURA ENCONTRADA,TIPO DE SERVIÇO,CONTEÚDO DA LINHA
MANUTENÇAO_2026,3,UR-17102,EMBREAGEM,"***** 4387 ***** UR-17102 ***** 1.FORNECERESUBSTITUIRKITDEEMBREAGEMORIGINAL-CONFORMEESPECIFICAÇÃODOFABRICANTE;
2.FORNECERESUBSTITUIRATROCADOÓLEODATRANSMISSSÃO;
3.FORNECERESUBSTITUIRATUADORDEEMBREAGEM;
4FORNECERESUBSTITUIRRETENTORVOLANTEMOTOR;
5.FORNECERESUBSTITUIRVOLANTEDOMOTOR. CORRETIVA ***** R$- CANCELADONANEO OSPARADASEMAPROVAÇÃOAMAISDE3MESES,ESTAMOSCANCELANDO,CASOSEFAÇANECESSÁRIOABRIRUMANOVAOS"
MANUTENÇAO_2026,9,UR-17212,EMBREAGEM,"***** 4970  UR-17212  1.FORNECERESUBSTITUIRKITDEEMBREAGEMORIGINAL-CONFORMEESPECIFICAÇÃODOFABRICANTE;
2.FORNECERESUBSTITUIRATROCADOÓLEODATRANSMISSSÃO;
3.FORNECERESUBSTITUIRATUADORDEEMBREAGEM;
4FORNECERESUBSTITUIRRETENTORVOLANTEMOTOR;
5.FORNECERESUBSTITUIRVOLANTEDOMOTOR. CORRETIVA   PENDENTENANEO "
MANUTENÇAO_2026,15,UR-17211,PNEU,"***** 5166  UR-17211  1.SUBSTITUIRQUATROPNEUS(OSPNEUSSERÃOFORNECIDOSPELOCORPODEBOMBEIROS17ºGB);
2.FORNECERESUBSTITUIRQUATROVÁLVULASDEPNEUCONFORMEESPECIFICAÇÃODOFABRICANTE;
3.FORNECEREEXECUTARQUATROBALANCEAMENTOS;
4EXECUTARALINHAMENTODEDIREÇÃO. CORRETIVA BHB R$587,63 APROVADONANEO "
MANUTENÇAO_2026,16,UR-17208,PNEU,"***** 5168 ***** UR-17208 ***** 1.	FORNECERESUBSTITUIRRODASFONICASESENSORES,CONFORMEESPECIFICAÇÃODOVEÍCULO;
2.	FORNECEREEXECUTARALINHAMENTODEDIREÇÃO;
3.	FORNECERESUBSTITUIR04BALANCEAMENTOSDEPNEUS. CORRETIVA ***** R$- CANCELADONANEO ERRONASOLICITAÇÃODESERVIÇOS"
MANUTENÇAO_2026,25,UR-17214,EMBREAGEM,"***** 5233  UR-17214  FORNECEREEXECUTARATROCADE02SENSORESDOPEDALDAEMBREAGEM,SUPERIOREINFERIOR. CORRETIVA BFDIESEL R$1.456,76 APROVADONANEO "
MANUTENÇAO_2026,30,UR-17214,EMBREAGEM,"***** 5245 ***** UR-17214 ***** 1.FORNECERESUBSTITUIRKITDEEMBREAGEMORIGINAL-CONFORMEESPECIFICAÇÃODOFABRICANTE;
2.FORNECERESUBSTITUIRATROCADOÓLEODATRANSMISSSÃO;
3.FORNECERESUBSTITUIRATUADORDEEMBREAGEM;
4FORNECERESUBSTITUIRRETENTORVOLANTEMOTOR;
5.FORNECERESUBSTITUIRVOLANTEDOMOTOR;
6.FORNECERSERVIÇODEGUINCHO.(LOCALIZAÇÃODOVEÍCULO:R.REGINACABALAUMENDONÇA,364-JARDIMJAPAO,SUZANO) CORRETIVA ***** R$- CANCELADONANEO VEÍCULOCOMDIAGNÓSTICOERRADO."
MANUTENÇAO_2026,38,UR-17208,PNEU,"***** 5316  UR-17208  1.FORNECERESUBSTITUIRQUATROPNEUS225/65R16FIRESTONECONFORMEESPECIFICAÇÃODOVEÍCULO;
2.FORNECERESUBSTITUIRQUATROVÁLVULASDEPNEUCONFORMEESPECIFICAÇÃODOVEÍCULO;
3.FORNECEREEXECUTARQUATROBALANCEAMENTOS;
4EXECUTARALINHAMENTODEDIREÇÃO. PREVENTIVA   PENDENTENANEO "
 MANUTENÇÃO-2025,2,GMT-0800,PNEU,"351 2887 MON JAN 06 2025 19:00:00 GMT-0800 (PACIFIC STANDARD TIME) MOB-17102 81462 1.SUBSTITUIR02PNEUSQUESERÃOFORNECIDOSPELO17ºGB;
2.FORNECERESUBSTITUIRCÂMARADEARDIANTEIROETRASEIRO;
3.FORNECERESUBSTITUIRÓLEODEMOTORCONFORMEESPECIFICAÇÃODOFABRICANTE;
4FORNECERESUBSTITUIRFILTRODEÓLEODEMOTOCONFORMEESPECIFICAÇÃODOFABRICANTE;
5.FORNECERESUBSTITUIRFILTRODEARCONFORMEESPECIFICAÇÃODOFABRICANTE;
6.SUBSTITUIRPASTILHASDEFREIODIANTEIROQUESERÃOFORNECIDASPELO17ºGB. PREVENTIVA TOTALMOTOS R$1.166,13 FINALIZADONANEO "
 MANUTENÇÃO-2025,30,GMT-0700,PNEU,"***** 3049 TUE APR 08 2025 20:00:00 GMT-0700 (PACIFIC DAYLIGHT TIME) MO-17001 161328 1.FORNECERESUBSTITUIR,04(DOIS)PNEUSDEPRIMEIRALINHA,MARCAGOODYEAR-205/75R16;
2.FORNECERESUBSTITUIR,04BICOSDEAR
3.FORNECEREEXECUTAR,ALINHAMENTOEBALANCEAMENTO. PREVENTIVA BHB R$6.177,90 FINALIZADONANEO "
 MANUTENÇÃO-2025,31,UR-17214,PNEU,"***** 3055 ***** UR-17214 ***** 1.FORNECERESUBSTITUIR,04(QUATRO)PNEUSDEPRIMEIRALINHAMARCAFIRESTONECV5000-225/75R16-121/120R;
2.FORNECERESUBSTITUIR,04(QUATRO)BICODEAR.
3.FORNECEREEXECUTAR,ALINHAMENTOEBALANCEAMENTO. PREVENTIVA ***** R$- CANCELADONANEO SERVIÇOREALIZADOCOMRECURSOPRÓRPIO."
 MANUTENÇÃO-2025,48,ABS-17201,PNEU,"***** 3206 ***** ABS-17201 ***** 1.FORNECERESUBSTITUIR,02(DOIS)PNEUSDEPRIMEIRALINHA,MARCAPIRELLI-275/80R22.5;
2.FORNECERESUBSTITUIR,02BICOSDEAR
3.FORNECEREEXECUTAR,ALINHAMENTOEBALANCEAMENTO. PREVENTIVA ***** R$- CANCELADONANEO SERÁUTILIZADORECURSOPRÓPRIO"
 MANUTENÇÃO-2025,68,ASE-17101,PNEU EMBREAGEM,"***** 3314 ***** ASE-17101 ***** 1.SERVIÇOSASEREMEXECUTADOS:
EXECUTAR:
-RETIFICACOMPLETADEMOTORCONFORMENBR13032/09ENBR15831/10;
-DESMONTAGEM,MONTAGEM,LIMPEZAEINSTALAÇÃODOMOTORNAVIATURA;
-PINTURADOMOTOR;
-RETIFICADORADIADORDEÓLEODOMOTOR;
-RETIFICADOCOMPRESSORDEAR;
-RECONDICIONARBOMBAINJETORA;
-TESTEDERODAGEM,REALIZADOPORTÉCNICODOCORPODEBOMBEIROSEACOMPANHADOPORREPRESENTANTETÉCNICODAEMPRESAGANHADORADOCERTAME.
FORNECERESUBSTITUIR:
-01(UM)KITDEJUNTASDOMOTOR;
-01(UMA)VÁLVULADEPRESSÃODEÓLEOMOTOR;
-01(UM)VOLANTEDOMOTOR;
-03(TRÊS)CABEÇOTESCOMPLETOS(NOVOS);
-01(UM)KITDEBRONZINASDEMANCAL(CASQUILHODEMANCAL);
-01(UM)KITDEARRUELASDEENCOSTO;
-12(DOZE)PARAFUSODEBIELADOMOTOR;
-02(DUAS)CORREIASDOMOTOR;
-06(SEIS)BRONZINASDEBIELA(CASQUILHODEBIELA);
-06(SEIS)KITSDECILINDROS;
-12(DOZE)TUCHOSDEVÁLVULAS;
-06(SEIS)BICOSINJETORES;
-01(UM)TURBOCOMPRESSOR;
-01(UMA)BOMBADEÓLEOLUBRIFICANTE;
-01(UM)RETENTORDIANTEIRODOVIRABREQUIM;
-01(UM)RETENTORTRASEIRODOVIRABREQUIM.
SISTEMADEARREFECIMENTO
-01(UMA)BOMBAD’ÁGUA;
-01(UMA)VÁLVULASTERMOSTÁTICAS;
-01(UM)RADIADOR;
-01(UMA)TAMPADORESERVATÓRIODEEXPANSÃO.
OBS:TODASASMANGUEIRASDOSISTEMADEARREFECIMENTOEABRAÇADEIRASDEVEMSERFORNECIDASETROCADAS.
SUSPENSÃOEFREIO

EXECUTAR:
-RECONDICIONAMENTODASSEGUINTESPEÇAS:
A)MANGASDEEIXO;
B)CATRACASDEFREIO;
C)CAIXADEDIREÇÃO.
-ALINHAMENTODEDIREÇÃO;
-BALANCEAMENTODERODAS.
FORNECERESUBSTITUIR:
-01(UM)JOGOLONASDEFREIODIANTEIRO;
-01(UM)JOGOLONASDEFREIOTRASEIRO;
-02(DOIS)TAMBORESDEFREIODIANTEIRO;
-02(DOIS)TAMBORESDEFREIOTRASEIRO;
-02(DOIS)CUICASDOFREIOTRASEIRO;
-02(DOIS)JOGODEROLAMENTODOCUBODERODATRASEIROINTERNOEEXTERNO;
-02(DOIS)RETENTORDOCUBODARODATRASEIRADIREITOEESQUERDO;
LUBRIFICAÇÃOEFILTROS
FORNECERESUBSTITUIR:
-01(UM)CONJUNTODEFILTRODECOMBUSTÍVEL,COMPOSTOPOR:
A)FILTRODECOMBUSTÍVELPRIMÁRIO;
B)FILTRODECOMBUSTÍVELSECUNDÁRIO.
-01(UM)FILTRODEÓLEOLUBRIFICANTE;
-01(UM)FILTRODEAR;
-22(VINTEEDOIS)LITROSDEÓLEOLUBRIFICANTE(15W40)DOCÁRTER;
-15(QUINZE)LITROSDEÓLEODEDIFERENCIAL;
-22(VINTEEDOIS)LITROSDEÓLEODOCAMBIO.
TRANSMISSÃO
EXECUTAR:
-RECONDICIONAMENTODASSEGUINTEPEÇA:
-01(UM)RECONDICIONAMENTODOCAMBIO.
FORNECERESUBSTITUIR:
-01(UM)KITDEEMBREAGEM;
-01(UM)GARFODAEMBREAGEM;
-01(UM)ATUADORDEEMBREAGEM.
CARDAN
EXECUTAR:
-RECONDICIONAMENTODOCARDAN.
FORNECERESUBSTITUIR:
-CRUZETAS;
-PONTOSDELUBRIFICAÇÃO;
-PORCASDEFIXAÇÃO.
IMPLEMENTO
REPARARTODOSOSCILINDROSPERTINENTESAOSDIVERSOSMOVIMENTOSDOGUINDAUTO:
-02CILINDROSDEAPOIOAOSOLO,ESQUERDOEDIREITA;
-02CILINDROSDOSMOVIMENTOSDEGIRO,ESQUERDAEDIREITA;
-01CILINDRODEELEVAÇÃODOPRIMEIROBRAÇO;
-01CILINDRODEELEVAÇÃODOSEGUNDOBRAÇO;
-01CILINDRODEEXTENSÃODOSEGUNDOBRAÇO
REPAROCONSISTEEM(EXECUÇÃO):
-RETIRAROCILINDROHIDRÁULICODAVIATURA;
-DESMONTARCILINDROHIDRÁULICONABANCADA;
-RETIRAR,RETIFICARECROMARAHASTEDOCILINDRO;
-BRUNIRCAMISADOCILINDRO;
-MONTARCILINDROHIDRÁULICONABANCADA;
-REALIZARREPARODEUSINAGEMNOCILINDRO;
-MONTARCILINDROHIDRÁULICO;
-AFERIRCILINDROHIDRÁULICONABANCADADETESTE;
-PINTAROCILINDRONACORORIGINAL(PINTURAÁREVOLVER);
-MONTAREINSTALAROCILINDROHIDRÁULICONAVIATURA;
-TESTARTODOOCONJUNTOHIDRÁULICOEASINSTALAÇÕES.
FORNECERESUBSTITUIR:
-TROCARTODASASVEDAÇÕES(FORNECERTODASORIGINAIS);
-TROCAROSBICOSDELUBRIFICAÇÃOEENGRAXAR;
-TROCAROSPARAFUSOSDEFIXAÇÃO,COMDUREZAIGUALAOORIGINALDEFÁBRICADAVIATURA;
-TROCADAVÁLVULADERETENÇÃO,BEMCOMOOALOJAMENTODAREFERIDAVÁLVULA,DEIXANDO
EMPLENACONDIÇÕESDEUSO.
TANQUE,MANGUEIRASECONEXÕES.
-REMOVER02TANQUESDEÓLEO;
-REALIZARLIMPEZAEDESCONTAMINAÇÃOINTERNAEEXTERNA;
-VERIFICARECORRIGIRQUANTOAPOSSÍVEISTRINCAS;
-FORNECERESUBSTITUIRTAMPASEVEDAÇÕES;
-FORNECERESUBSTITUIRTODASASMANGUEIRASECONEXÕESDOSISTEMAHIDRÁULICO;
-FORNECERESUBSTITUIROSFILTROSDOSISTEMAHIDRÁULICO;
ALAVANCASEACIONAMENTOS
-FORNECERESUBSTITUIR,ANÉISDEVEDAÇÃO,ORING'S,COIFASDEPROTEÇÃO,MANOPLAS,MONTAR,TESTAR,
DEXAREMCONDIÇÕESNORMAISDEOPERAÇÃO.
PAINELDOGERADOR
-RECONDICIONAMENTOCOMPLETODOPAINELDECONTROLEEMONITORAMENTODOSISTEMAGERADOR;
FORNECERESUBSTITUIR01CHAVEGERAL;
-FORNECERESUBSTITUIR02LÂMPADASDEILUMINAÇÃODOPAINEL;
-FORNECERESUBSTITUIR08BOTÕESDEPULSO;
-FORNECERESUBSTITUIR02CHAVESDEPULSO;
-FORNECERESUBSTITUIR01CHAVEDE03ESTÁGIOS;
-FORNECERESUBSTITUIR01CHAVEDE07ESTÁGIOS;

-FORNECERESUBSTITUIR03TOMADASDOTIPO2P+T;
-FORNECERESUBSTITUIR03TOMADASDOTIPO3P+N+T,MODELOSTECK,PADRÃO6H;
TORREDEILUMINAÇÃO
-RECONDICIONARCILINDRO,CORPOEPISTÃODOSISTEMAPNEUMÁTICODEELEVAÇÃODATORREDEILUMINAÇÃO;
-FORNECERESUBSTITUIRANÉISDEVEDAÇÃO,ORING’S,RETENTORES,TUBULAÇÕES,MANGUEIRAS,
CONEXÕESPNEUMÁTICASPERIFÉRICAS,BRUNIRECROMARCAMISADOCILINDRO;
GUINCHODEARRASTE
-FORNECERESUBSTITUIRCABODEAÇODOGUINCHODEARRASTECONFORMEORIGINAL;
-FORNECERESUBSTITUIRMOTORDOGUINCHODEARRASTECONFORMEESPECIFICAÇÕESORIGINAIS.
BATERIASDOIMPLEMENTO
-FORNECERESUBSTITUIR02BATERIASDE12V/150A.
ELETRICA
FORNECER/SUBSTITUIR.
FORNECERESUBSTITUIR01ALTERNADOR.
FORNECERESUBSTITUIR01MOTORDEPARTIDA.
FORNECERESUBSTITUIR02BATERIASDE150A.
FORNECERESUBSTITUIR04TERMINAISDEBATERIA.
FORNECERESUBSTITUIR01BARRASINALIZADORA.
FORNECERESUBSTITUIR02SINALIZADORESTRASEIRO(COJACK).
FORNECERESUBSTITUIR01MODULODABARRASINALIZADORAESIRENE.
FORNECERESUBSTITUIR02DRIVESDESOM.
FORNECERESUBSTITUIR01BITONALCOMKITPARAINSTALAÇÃO.
FORNECERESUBSTITUIR02FAROLETESDEILUMINAÇÃODIANTEIRADELED.
FORNECERESUBSTITUIRFAROLETES02DEILUMINAÇÃOTRASEIRADELED.
FORNECERESUBSTITUIRCONJ.DESINALIZAÇÃOTRASEIRA(LUZDEFREIO/LANTERNA/SETAS/RÉ).
FORNECERESUBSTITUIRCONJ.DESINALIZAÇÃODIANTEIRA(LANTERNA/FAROL/ALTO/BAIXO/SETAS).
FORNECERESUBSTITUIRCONJ.DESINALIZAÇÕESDEDIREÇÕESLATERAIS(LDELE).
FORNECERESUBSTITUIRLUZVIGIADIANTEIRA(TETO).
FORNECERESUBSTITUIRLUZVIGIATRASEIRA(ESTRIBO).
FORNECERESUBSTITUIR02BUZINAS.
FORNECERESUBSTITUIR02PALHETASDOSLIMPADORESDEPARA-BRISACOMHASTES.
FORNECERESUBSTITUIR02MOTORESDOLIMPADODOPARA-BRISA.
FORNECER10BOTÕESDEACIONAMENTOECOMANDODEIMPLEMENTOS.
FORNECEREINSTALARMOTORDERECOLHIMENTODOMANGOTINHO.
FORNECEREINSTALARMODULODEINJEÇÃOELETRÔNICA.
FORNECEREINSTALARLÂMPADASDEILUMINAÇÃODOPAINELDEINSTRUMENTOS.
REPARAR/INSTALAR:
REPARARCHICOTEDEIMPLEMENTOS.
REPARARILUMINAÇÃOINTERNADACABINE.
REPARARILUMINAÇÃODASGAVETASDEIMPLEMENTOS.
REPARARILUMINAÇÃODOCORPODABOMBA.
INSTALAR10BOTÕESDEACIONAMENTOECOMANDODEIMPLEMENTOS.
REPARARCHICOTEDEACIONAMENTODABUZINA.
REPARARCHICOTEDEATERRAMENTO.
REPARARCHICOTEDEFORÇA CORRETIVA ***** R$- CANCELADONANEO VIATURASERÁDESCARREGADA"
 MANUTENÇÃO-2025,83,GMT-0700,PNEU,"6.3E+31 ***** WED MAR 12 2025 20:00:00 GMT-0700 (PACIFIC DAYLIGHT TIME) ABS-17105 67100 REVISÃODASRODASDIANTEIRAS;TROCADASJUNTASDASTAMPASDOSCUBOSDERODASDIANTEIRAS;ALINHAMENTOEBALANCEAMENTO;TROCADOSDOISPNEUSDIANTEIROS;ÓLEOHIDRÁULICO;TROCADOSDOISCILINDROSDEBASCULAMENTODACABINE CORRETIVA DUTRAMOLAS R$4.238,24 CONCLUÍDO OBS.:SERVIÇOPAGOPELAPREFEITURADEGMA"
 MANUTENÇÃO-2025,86,GMT-0800,PNEU,"***** ***** TUE FEB 25 2025 19:00:00 GMT-0800 (PACIFIC STANDARD TIME) MOB-17107 51100 TROCADOSPNEUSDIANT.ETRAS.EDACÂMARADEARTRAS. CORRETIVA JUNIORMOTOS R$1.143,90 CONCLUÍDO "
 MANUTENÇÃO-2025,95,GMT-0700,PNEU,***** ***** SUN MAR 30 2025 20:00:00 GMT-0700 (PACIFIC DAYLIGHT TIME) TP-17001 30591 REVISÃOPERIÓDICACONTEMPLANDOOSSEGUINTESSERVIÇOS:RODÍZIODEPNEUS;TROCADOFILTRODEÓLEODOMOTOR;TROCADAJUNTADEALUMÍNIO(ARRUELA)DOPARAFUSODOBUJÃODOCÁRTER;TROCADOFILTRODECOMBUSTÍVEL;TROCADOÓLEODOMOTOR) PREVENTIVA TOYOTAMOGI R$- CONCLUÍDO 
 MANUTENÇÃO-2025,111,ABS-17204,PNEU,***** 3628 ***** ABS-17204 ***** DESMONTAGEMEMONTAGEMDATUBULAÇÃODEADMISSÃODABOMBADECOMBATEAINCÊNDIOPARAREPAROPORSOLDAMIG;CONSERTODEPONTODEVAZAMENTONOTANQUED'AGUAPORSOLDAGEM;RECUPERARBASEDOSROLAMENTOSDOEIXODABOMBA;JOGODEROLAMENTODATOMADADEFORÇA;JGRETENTORBOMBAINCENDIO;JOGODEJUNTADABOMBADEINCENDIO;RETIFICAR/FREZARENGRENAGENS;VALVULAPNEUMATICOBOMBADEINCENDIO. CORRETIVA ***** R$- CANCELADONANEO SERVIÇOSERÁREALIZADOCOMRECURSODOMUNICIPIO
 MANUTENÇÃO-2025,112,GMT-0700,EMBREAGEM,"***** 3637 TUE MAY 20 2025 20:00:00 GMT-0700 (PACIFIC DAYLIGHT TIME) CA-17001 255300 1.	FORNECERESUBSTITUIRKITDEEMBREAGEM;
2.	FORNECERESUBSTITUIRKITDEATUADORESDEEMBREAGEM;
3.	FORNECERESUBSTITUIRFLUÍDODEACIONAMENTODAEMBREAGEM; CORRETIVA CURIÓ R$6.596,01 FINALIZADONANEO "
 MANUTENÇÃO-2025,114,GMT-0700,PNEU,"***** 3639 TUE JUL 01 2025 20:00:00 GMT-0700 (PACIFIC DAYLIGHT TIME) CA-17001 ??? 1.FORNECERESUBSTITUIR02PNEUSDIANTEIROS7.50R16;
2.EXECUTARALINHAMENTODEDIREÇÃO;
3.EXECUTAR02BALANCEAMENTOSDERODAS; CORRETIVA JKAR R$4.877,80 FINALIZADONANEO "
 MANUTENÇÃO-2025,118,GMT-0700,PNEU,"81 3689 TUE JUN 10 2025 20:00:00 GMT-0700 (PACIFIC DAYLIGHT TIME) AC-17001 64078 1.FORNECERESUBSTITUIR,04(QUATRO)PNEUSDEPRIMEIRALINHA,MARCA265/65R17GOODYEARWORKHORSEAT;
2.FORNECERESUBSTITUIR,04BICOSDEAR
3.FORNECEREEXECUTAR,ALINHAMENTOE04BALANCEAMENTO. PREVENTIVA BHB R$6.225,90 FINALIZADONANEO "
 MANUTENÇÃO-2025,135,GMT-0700,PNEU,"96 ***** SUN MAY 18 2025 20:00:00 GMT-0700 (PACIFIC DAYLIGHT TIME) ABS-17101 70695 REPAROCOMSOLDAEADAPTAÇÃODOSUPORTEDAALAVANCADEENGATEPNEUMÁTICODACAIXADETRANSFERÊNCIADABOMBADEINCÊNDIO CORRETIVA MOTOMEC R$191,88 CONCLUÍDO "
 MANUTENÇÃO-2025,151,GMT-0700,EMBREAGEM,"***** 3819 THU JUN 05 2025 20:00:00 GMT-0700 (PACIFIC DAYLIGHT TIME) MO-17001 161781 FORNECERESUBSTITUIRKITDEEMBREAGEMCONFORMEESPECIFICAÇÃODOFABRICANTE(CONJUNTOKITDEEMBREAGEM;GARFODAEMBREAGEM;EIXO;20L-OLEOTRANSMISSAO;RETIFICAR-VOLANTEMOTOR). CORRETIVA RPTRUCK R$3.676,23 CONCLUÍDO "
 MANUTENÇÃO-2025,164,ABS-17205,PNEU,"***** 3893 ***** ABS-17205 ***** 1.FORNECERESUBSTITUIR,04(QUATRO)PNEUSDEPRIMEIRALINHA,MARCABRIDGESTONE-275/80R22.5;
2.FORNECERESUBSTITUIR,04(QUATRO)BICOSDEAR
3.FORNECEREEXECUTAR,ALINHAMENTOEBALANCEAMENTO. PREVENTIVA ***** R$- CANCELADONANEO PNEUSFORNECIDOSPELOCSM"
 MANUTENÇÃO-2025,173,GMT-0700,PNEU,"***** 3981 MON AUG 11 2025 20:00:00 GMT-0700 (PACIFIC DAYLIGHT TIME) MOB-17108 55399 1.FORNECERESUBSTITUIRBUCHASDASUSPENSÃOTRASEIRAELUBRIFICAÇÃOCONFORMEESPECIFICAÇÃODOFABRICANTE;
2.SUBSTITUIR01PNEUTRASEIROE01PNEUDIANTEIROQUESERÃOFORNECIDOSPELAUNIDADE.
3.FORNECERESUBSTITUIR02CÂMARADEARCONFORMEESPECIFICAÇÃODOFABRICANTE;
4.FORNECERESUBSTITUIR02VALVULASDEPNEUCONFORMEESPECIFICAÇÃODOFABRICANTE. CORRETIVA TOTALMOTOS R$956,63 FINALIZADONANEO "
 MANUTENÇÃO-2025,186,GMT-0700,EMBREAGEM,"***** 4079 SAT AUG 16 2025 20:00:00 GMT-0700 (PACIFIC DAYLIGHT TIME) UR-17101 49862 1.FORNECERESUBSTITUIRKITDEEMBREAGEMORIGINAL-CONFORMEESPECIFICAÇÃODOFABRICANTE;
2.FORNECERESUBSTITUIRATROCADOÓLEODATRANSMISSSÃO;
3.FORNECERESUBSTITUIRATUADORDEEMBREAGEM;
4FORNECERESUBSTITUIRRETENTORVOLANTEMOTOR;
5.FORNECERESUBSTITUIRVOLANTEDOMOTOR. CORRETIVA JKAR R$12.567,24 FINALIZADONANEO "
 MANUTENÇÃO-2025,205,ABS-17103,PNEU,"***** 4139 ??? ABS-17103 ??? 1.FORNECERESUBSTITUIR,02(QUATRO)PNEUSDEPRIMEIRALINHA,PODENDOSERDASSEGUINTESMARCAS:BRIDGESTONE,ANTEO,PIRELLI,GOODYEAR,CONTINENTAL,DUNLOP-275/80R22.5;
2.FORNECERESUBSTITUIR,02(QUATRO)BICOSDEAR
3.FORNECEREEXECUTAR,ALINHAMENTOEBALANCEAMENTO. PREVENTIVA APICEMOGI R$6.315,98 FINALIZADONANEO "
 MANUTENÇÃO-2025,221,GMT-0700,PNEU,"150 ***** WED MAY 14 2025 20:00:00 GMT-0700 (PACIFIC DAYLIGHT TIME) ABS-17106 51056 1.SUBSTITUIRDOISPNEUSDIANTEIROS(OSPNEUSSERÃOFORNECIDOSPELOCORPODEBOMBEIROS17ºGB);
2.FORNECERESUBSTITUIRDUASVÁLVULASDEPNEUCONFORMEESPECIFICAÇÃODOFABRICANTE;
3.FORNECEREEXECUTARDOISBALANCEAMENTOS;
 PREVENTIVA TRUCKCENTER R$220,00 CONCLUÍDO "
 MANUTENÇÃO-2025,222,UR-17102,PNEU,"***** 4258 ***** UR-17102 ***** 1.SUBSTITUIRQUATROPNEUS(OSPNEUSSERÃOFORNECIDOSPELOCORPODEBOMBEIROS17ºGB);
2.FORNECERESUBSTITUIRQUATROVÁLVULASDEPNEUCONFORMEESPECIFICAÇÃODOFABRICANTE;
3.FORNECEREEXECUTARQUATROBALANCEAMENTOS;
4EXECUTARALINHAMENTODEDIREÇÃO. PREVENTIVA ***** R$- CANCELADONANEO ERRONASOLICITAÇÃODESERVIÇOS"
 MANUTENÇÃO-2025,248,GMT-0700,PNEU,"189 ***** SUN AUG 24 2025 20:00:00 GMT-0700 (PACIFIC DAYLIGHT TIME) UR-17102 ??? MONTAGEMDE04PNEUS,ALINHAMENTOEBALANCEAMENTO PREVENTIVA PAIVAPNEUS R$280,00 CONCLUÍDO "
 MANUTENÇÃO-2025,249,GMT-0700,EMBREAGEM,188 ***** TUE AUG 19 2025 20:00:00 GMT-0700 (PACIFIC DAYLIGHT TIME) MOB-17106 ??? TROCADOCABODEEMBREAGEM CORRETIVA TOTALMOTOS ??? CONCLUÍDO 
 MANUTENÇÃO-2025,253,GMT-0700,PNEU,"150 ***** THU AUG 14 2025 20:00:00 GMT-0700 (PACIFIC DAYLIGHT TIME) ABS-17106 ??? MONTAGEMDOPNEUDIANTEIROEDOISBALANCEAMENTOS CORRETIVA TRUCKCENTER R$220,00 CONCLUÍDO "
 MANUTENÇÃO-2025,256,GMT-0700,PNEU,"172 ***** SUN JUL 27 2025 20:00:00 GMT-0700 (PACIFIC DAYLIGHT TIME) ABS-17102 ??? TROCADEDOISPNEUSEMONTAGEMDOSPNEUSDIANTEIROS CORRETIVA SERGIPANA R$1.966,00 CONCLUÍDO "
 MANUTENÇÃO-2025,258,GMT-0700,PNEU,"170 ***** FRI AUG 01 2025 20:00:00 GMT-0700 (PACIFIC DAYLIGHT TIME) MOB-17107 ??? TROCADACAMARADEAREMONTAGEMDEPNEUTRASEIRO CORRETIVA TOTALMOTOS R$78,00 CONCLUÍDO "
 MANUTENÇÃO-2025,260,AC-17002,PNEU,"***** 4377 ??? AC-17002 ??? 1.FORNECERESUBSTITUIR,04(QUATRO)PNEUSDEPRIMEIRALINHA,PODENDOSERDASSEGUINTESMARCAS:BRIDGESTONE,ANTEO,PIRELLI,GOODYEAR,CONTINENTAL,DUNLOP,MICHELIN-265/70R16;
2.FORNECERESUBSTITUIR,04(QUATRO)BICOSDEAR
3.FORNECEREEXECUTAR,ALINHAMENTOEBALANCEAMENTO. CORRETIVA PNEUCERTO R$5.456,36 FINALIZADONANEO "
 MANUTENÇÃO-2025,263,UR-17102,EMBREAGEM,"***** 4387  UR-17102  1.FORNECERESUBSTITUIRKITDEEMBREAGEMORIGINAL-CONFORMEESPECIFICAÇÃODOFABRICANTE;
2.FORNECERESUBSTITUIRATROCADOÓLEODATRANSMISSSÃO;
3.FORNECERESUBSTITUIRATUADORDEEMBREAGEM;
4FORNECERESUBSTITUIRRETENTORVOLANTEMOTOR;
5.FORNECERESUBSTITUIRVOLANTEDOMOTOR. CORRETIVA   FINALIZADONANEO "
 MANUTENÇÃO-2025,264,MOB-17102,PNEU,"***** 4417 ***** MOB-17102 ***** 1.FORNECERESUBSTITUIR:KITDERELAÇÃO(COROA/CORRENTE/PINHÃO);
2.FORNECERESUBSTITUIR:JOGODEJUNTASCOMPLETODOMOTOR,INCLUINDOJUNTADOCABEÇOTE;
3.FORNECERESUBSTITUIR:EIXODOCÂMBIO;
4.FORNECERESUBSTITUIR:ÓLEO10W30SEMISINTÉTICO;
5.FORNECERESUBSTITUIR:FILTRODEÓLEO;
6.FORNECERESUBSTITUIR:LÍQUIDODEARREFECIMENTO;
7.FORNECERESUBSTITUIR:FILTRODECOMBUSTÍVELPRIMÁRIO;
8.FORNECERESUBSTITUIR:RETENTORDOPINHÃO;
9.FORNECERESUBSTITUIR:RETENTOREIXODOCÂMBIO;10
10.FORNECERESUBSTITUIR:02PNEUS130/80/17
11.FORNECERESUBSTITUIR:BIELAMOTOR
12.FORNECERESUBSTITUIR:PISTÃOCOMANÉIS0,25
13.FORNECERESUBSTITUIR:RETIFICARCILINDROS
14.FORNECERESUBSTITUIR:RETENTORDEVÁLVULAS
15.FORNECERESUBSTITUIR:RETIFICARCABEÇOTE
16.FORNECERESUBSTITUIR:GUARNIÇÃODATAMPADEVÁLVULA
17.FORNECERESUBSTITUIR:EIXOVIRABREQUIM CORRETIVA ***** R$- CANCELADONANEO VTRSERÁDESCARREGADA"
 MANUTENÇÃO-2025,265,MOB-17104,PNEU,"***** 4418 ***** MOB-17104 ***** 1.FORNECERESUBSTITUIR:KITDERELAÇÃO(COROA/CORRENTE/PINHÃO);
2.FORNECERESUBSTITUIR:JOGODEJUNTASCOMPLETODOMOTOR,INCLUINDOJUNTADOCABEÇOTE;
3.FORNECERESUBSTITUIR:EIXODOCÂMBIO;
4.FORNECERESUBSTITUIR:ÓLEO10W30SEMISINTÉTICO;
5.FORNECERESUBSTITUIR:FILTRODEÓLEO;
6.FORNECERESUBSTITUIR:LÍQUIDODEARREFECIMENTO;
7.FORNECERESUBSTITUIR:FILTRODECOMBUSTÍVELPRIMÁRIO;
8.FORNECERESUBSTITUIR:RETENTORDOPINHÃO;
9.FORNECERESUBSTITUIR:RETENTOREIXODOCÂMBIO;10
10.FORNECERESUBSTITUIR:02PNEUS130/80/17
11.FORNECERESUBSTITUIR:BIELAMOTOR
12.FORNECERESUBSTITUIR:PISTÃOCOMANÉIS0,25
13.FORNECERESUBSTITUIR:RETIFICARCILINDROS
14.FORNECERESUBSTITUIR:RETENTORDEVÁLVULAS
15.FORNECERESUBSTITUIR:RETIFICARCABEÇOTE
16.FORNECERESUBSTITUIR:GUARNIÇÃODATAMPADEVÁLVULA
17.FORNECERESUBSTITUIR:EIXOVIRABREQUIM CORRETIVA ***** R$- CANCELADONANEO VTRSERÁDESCARREGADA"
 MANUTENÇÃO-2025,266,MOB-17105,PNEU,"***** 4419 ***** MOB-17105 ***** 1.FORNECERESUBSTITUIR:KITDERELAÇÃO(COROA/CORRENTE/PINHÃO);
2.FORNECERESUBSTITUIR:JOGODEJUNTASCOMPLETODOMOTOR,INCLUINDOJUNTADOCABEÇOTE;
3.FORNECERESUBSTITUIR:EIXODOCÂMBIO;
4.FORNECERESUBSTITUIR:ÓLEO10W30SEMISINTÉTICO;
5.FORNECERESUBSTITUIR:FILTRODEÓLEO;
6.FORNECERESUBSTITUIR:LÍQUIDODEARREFECIMENTO;
7.FORNECERESUBSTITUIR:FILTRODECOMBUSTÍVELPRIMÁRIO;
8.FORNECERESUBSTITUIR:RETENTORDOPINHÃO;
9.FORNECERESUBSTITUIR:RETENTOREIXODOCÂMBIO;10
10.FORNECERESUBSTITUIR:02PNEUS130/80/17
11.FORNECERESUBSTITUIR:BIELAMOTOR
12.FORNECERESUBSTITUIR:PISTÃOCOMANÉIS0,25
13.FORNECERESUBSTITUIR:RETIFICARCILINDROS
14.FORNECERESUBSTITUIR:RETENTORDEVÁLVULAS
15.FORNECERESUBSTITUIR:RETIFICARCABEÇOTE
16.FORNECERESUBSTITUIR:GUARNIÇÃODATAMPADEVÁLVULA
17.FORNECERESUBSTITUIR:EIXOVIRABREQUIM CORRETIVA ***** R$- CANCELADONANEO VTRSERÁDESCARREGADA"
 MANUTENÇÃO-2025,277,GMT-0700,PNEU,"***** 4506 WED OCT 29 2025 20:00:00 GMT-0700 (PACIFIC DAYLIGHT TIME) CA-17001 ??? 1.FORNECERESUBSTITUIR02PNEUSTRASEIROS7.50R16;
2.EXECUTARALINHAMENTODEDIREÇÃO;
3.EXECUTAR02BALANCEAMENTOSDERODAS; PREVENTIVA RPTRUCK R$4.807,75 FINALIZADONANEO "
 MANUTENÇÃO-2025,281,GMT-0800,EMBREAGEM,"***** 4562 TUE NOV 11 2025 19:00:00 GMT-0800 (PACIFIC STANDARD TIME) UR-17211  1.FORNECERESUBSTITUIRKITDEEMBREAGEMORIGINAL-CONFORMEESPECIFICAÇÃODOFABRICANTE;
2.FORNECERESUBSTITUIRATROCADOÓLEODATRANSMISSSÃO;
3.FORNECERESUBSTITUIRATUADORDEEMBREAGEM;
4FORNECERESUBSTITUIRRETENTORVOLANTEMOTOR;
5.FORNECERESUBSTITUIRVOLANTEDOMOTOR. CORRETIVA BFDIESEL  CANCELADONANEO "
 MANUTENÇÃO-2025,282,UR-17212,EMBREAGEM,"***** 4563  UR-17212  1.FORNECERESUBSTITUIRKITDEEMBREAGEMORIGINAL-CONFORMEESPECIFICAÇÃODOFABRICANTE;
2.FORNECERESUBSTITUIRATROCADOÓLEODATRANSMISSSÃO;
3.FORNECERESUBSTITUIRATUADORDEEMBREAGEM;
4FORNECERESUBSTITUIRRETENTORVOLANTEMOTOR;
5.FORNECERESUBSTITUIRVOLANTEDOMOTOR. CORRETIVA CURIÓ R$12.686,69 CANCELADONANEO "
 MANUTENÇÃO-2025,296,GMT-0700,PNEU,"219 ***** TUE SEP 23 2025 20:00:00 GMT-0700 (PACIFIC DAYLIGHT TIME) TP-17001 45481 TROCADOS04PNEUS,ALINHAMENTOE04BALANCEAMENTOS,EREVISÃODEFREIOS(PRÓXIMAINSPEÇÃODEFREIOSAOS50.500KM).OBS.:PNEUSFORNECIDOSPELAMOTOMEC PREVENTIVA GVPNEUS R$200,00 CONCLUÍDO "
 MANUTENÇÃO-2025,327,GMT-0800,EMBREAGEM,"***** 4906 TUE NOV 11 2025 19:00:00 GMT-0800 (PACIFIC STANDARD TIME) UR-17211  1.FORNECERESUBSTITUIRKITDEEMBREAGEMORIGINAL-CONFORMEESPECIFICAÇÃODOFABRICANTE;
2.FORNECERESUBSTITUIRATROCADOÓLEODATRANSMISSSÃO;
3.FORNECERESUBSTITUIRATUADORDEEMBREAGEM;
4FORNECERESUBSTITUIRRETENTORVOLANTEMOTOR;
5.FORNECERESUBSTITUIRVOLANTEDOMOTOR. CORRETIVA MULTISERVICE  FINALIZADONANEO "
 MANUTENÇÃO-2025,336,UR-17214,EMBREAGEM,"***** 4888 ***** UR-17214 ***** 1.FORNECERESUBSTITUIRKITDEEMBREAGEMORIGINAL-CONFORMEESPECIFICAÇÃODOFABRICANTE;
2.FORNECERESUBSTITUIRATROCADOÓLEODATRANSMISSSÃO;
3.FORNECERESUBSTITUIRATUADORDEEMBREAGEM;
4FORNECERESUBSTITUIRRETENTORVOLANTEMOTOR;
5.FORNECERESUBSTITUIRVOLANTEDOMOTOR. CORRETIVA ***** R$- CANCELADONANEO ERRONASOLICITAÇÃODESERVIÇOS."
 MANUTENÇÃO-2025,337,UR-17214,EMBREAGEM,"***** 4904 ***** UR-17214 ***** 1.FORNECERESUBSTITUIRKITDEEMBREAGEMORIGINAL-CONFORMEESPECIFICAÇÃODOFABRICANTE;
2.FORNECERESUBSTITUIRATROCADOÓLEODATRANSMISSSÃO;
3.FORNECERESUBSTITUIRATUADORDEEMBREAGEM;
4FORNECERESUBSTITUIRRETENTORVOLANTEMOTOR;
5.FORNECERESUBSTITUIRVOLANTEDOMOTOR,
6.FORNECERTRANPORTEPORGUINCHODOVEÍCULOATÉAOFICINAPARAAEXECUÇÃODOSERVIÇO. CORRETIVA ***** R$- CANCELADONANEO DEMORANOPREENCHIMENTODAORDEMDESERVIÇO.PORSETRATARDEVEÍCULODEEMERGÊNCIA,NÃOPODEMOSAGUARDARMUITOTEMPO."
 MANUTENÇÃO-2025,338,UR-17211,EMBREAGEM,"***** 4906 ??? UR-17211 ??? 1.FORNECERESUBSTITUIRKITDEEMBREAGEMORIGINAL-CONFORMEESPECIFICAÇÃODOFABRICANTE;
2.FORNECERESUBSTITUIRATROCADOÓLEODATRANSMISSÃO;
3.FORNECERESUBSTITUIRATUADORDEEMBREAGEM;
4FORNECERESUBSTITUIRRETENTORVOLANTEMOTOR;
5.FORNECERESUBSTITUIRVOLANTEDOMOTOR;
6.FORNECERESUBSTITUIRCILINDROMESTRE;
7.FORNECERESUBSTITUIRFLUIDODEFREIO;
8.FORNECERESUBSTITUIRRETENTORDAPOLIADOMOTORDIANTEIRO. CORRETIVA MULTISERVICE R$12.475,77 FINALIZADONANEO "
 MANUTENÇÃO-2025,340,UR-17214,EMBREAGEM,"***** 4927 ??? UR-17214 ??? 1.FORNECERESUBSTITUIRKITDEEMBREAGEMORIGINAL-CONFORMEESPECIFICAÇÃODOFABRICANTE;
2.FORNECERESUBSTITUIRATROCADOÓLEODATRANSMISSSÃO;
3.FORNECERESUBSTITUIRATUADORDEEMBREAGEM;
4FORNECERESUBSTITUIRRETENTORVOLANTEMOTOR;
5.FORNECERESUBSTITUIRVOLANTEDOMOTOR,
6.FORNECERTRANPORTEPORGUINCHODOVEÍCULOATÉAOFICINAPARAAEXECUÇÃODOSERVIÇO. CORRETIVA MULTISERVICE R$16.050,32 FINALIZADONANEO "
 MANUTENÇÃO-2025,342,GMT-0800,PNEU, ***** WED NOV 26 2025 19:00:00 GMT-0800 (PACIFIC STANDARD TIME) ABS-17103  REPARONOPNEUTRASEIROLDINTERNO CORRETIVA MVPNEUS  CONCLUÍDO 
 MANUTENÇÃO-2025,344,UR-17212,EMBREAGEM,"***** 4970  UR-17212  1.FORNECERESUBSTITUIRKITDEEMBREAGEMORIGINAL-CONFORMEESPECIFICAÇÃODOFABRICANTE;
2.FORNECERESUBSTITUIRATROCADOÓLEODATRANSMISSSÃO;
3.FORNECERESUBSTITUIRATUADORDEEMBREAGEM;
4FORNECERESUBSTITUIRRETENTORVOLANTEMOTOR;
5.FORNECERESUBSTITUIRVOLANTEDOMOTOR. CORRETIVA   PENDENTENANEO "
 MANUTENÇÃO-2025,346,UR-17102,EMBREAGEM,"***** 4973 ***** UR-17102 ***** 1.FORNECERESUBSTITUIRKITDEEMBREAGEMORIGINAL-CONFORMEESPECIFICAÇÃODOFABRICANTE;
2.FORNECERESUBSTITUIRATROCADOÓLEODATRANSMISSSÃO;
3.FORNECERESUBSTITUIRATUADORDEEMBREAGEM;
4FORNECERESUBSTITUIRRETENTORVOLANTEMOTOR;
5.FORNECERESUBSTITUIRVOLANTEDOMOTOR. CORRETIVA ***** R$- CANCELADONANEO OSCANCELADA,POISESTÁEMDUPLICIDADECOMA4387"
MANUTENÇÃO-2024,2,AS-17101,PNEU,"***** 878 ***** AS-17101 ***** 1.FORNECERESUBSTITUIR04PNEUS,TRASEIROS,MEDIDAS7,50-16-116/114DEPRIMEIRALINHA,MARCAPIRELLIANTEO-59NYLON,04VÁLVULASSIMPLES,02PROLONGADORES,ECÂMARASEPROTETORES;
2.FORNECEREEXECUTARALINHAMENTOEBALANCEAMENTO. CORRETIVA ***** R$- CANCELADONANEO VEÍCULODISPONIBILIZADOPARAOUTRAUNIDADE."
MANUTENÇÃO-2024,5,GMT-0800,EMBREAGEM,"***** 1049 THU JAN 18 2024 19:00:00 GMT-0800 (PACIFIC STANDARD TIME) UR-17210 36295 1.FORNECERESUBSTITUIRPLATÔDEEMBREAGEMCONFORMEESPECIFICAÇÃODOFABRICANTE;
2.FORNECERESUBSTITUIRDISCODEEMBREAGEMCONFORMEESPECIFICAÇÃODOFABRICANTE;
3.FORNECERESUBSTITUIRVOLANTEDEEMBREAGEMCONFORMEESPECIFICAÇÃODOFABRICANTE;
4.FORNECERESUBSTITUIRROLAMENTODEEMBREAGEMCONFORMEESPECIFICAÇÃODOFABRICANTE.
5.FORNECERGUINCHOPARARETIRARAVIATURA. CORRETIVA CURIÓ R$8.093,80 FINALIZADONANEO "
MANUTENÇÃO-2024,6,VO-17205,PNEU,"***** 1123 ***** VO-17205 ***** 1.	FORNECERESUBSTITUIR,02(DOIS)PNEUSMARCAPIRELLIMODELOSCORPIONATR,205/60R15;
7.	FORNECEREEXECUTAR,ALINHAMENTOEBALANCEAMENTO. PREVENTIVA ***** R$- CANCELADONANEO SERVIÇOREALIZADOCOMRECURSOMUNICIPAL"
MANUTENÇÃO-2024,9,GMT-0800,EMBREAGEM,"87 1134 THU JAN 11 2024 19:00:00 GMT-0800 (PACIFIC STANDARD TIME) ABS-17103 138355 1.FORNECERESUBSTITUIRKITDEEMBREAGEM(PLATÔEDISCO)CONFORMEESPECIFICAÇÃODOFABRICANTE;
2.FORNECERESUBSTITUIRATUADORDEEMBREAGEMDOCAMBIOCONFORMEESPECIFICAÇÃODOFABRICANTE;
3.FORNECERESUBSTITUIRRETENTORDOVOLANTEDEMOTORCONFORMEESPECIFICAÇÃODOFABRICANTE;
4.RETIFICARVOLANTEDEMOTOR;
5.FORNECERESUBSTITUIRFLUÍDODOT4.
6.OBS:CONTEMPLAR""GUINCHO""PARATRANSPORTEDAVIATURAATÉAOFICINA,POISELAENCONTRA-SENARUAOLEGÁRIOPAIVA,33,CENTRO,MOGIDASCRUZES-SP(CORPODEBOMBEIROS). CORRETIVA INJETRONIC R$14.270,00 FINALIZADONANEO "
MANUTENÇÃO-2024,16,AB-17102,PNEU,"129 1179 ***** AB-17102 ***** 1.FORNECERESUBSTITUIR02PNEUSDIANTEIROSMARCAGOODYEAR315/80R22.5;
2.FORNECERESUBSTITUIRDUASVÁLVULASDEPNEUS(BICOS);
3.FORNECEREEXECUTARBALANCEAMENTODEDOISPNEUS;
4.FORNECEREEXECUTARALINHAMENTO. CORRETIVA ***** R$- CANCELADONANEO SERVIÇOSOLICITADORESOLVIDOCOMRECUSOMUNICIPAL"
MANUTENÇÃO-2024,17,GMT-0800,PNEU,129 ***** MON JAN 15 2024 19:00:00 GMT-0800 (PACIFIC STANDARD TIME) AB-17102 134300 MONTAGEMDOSPNEUSDIANTEIROS(OBS.:PNEUSFORNECIDOSPELOCSM/MOPB) CORRETIVA MAGRÃOBORRACHARIA ??? CONCLUÍDO 
MANUTENÇÃO-2024,35,VO-17008,EMBREAGEM,"***** 1276 ***** VO-17008 ***** 1.FORNECERESUBSTITUIRGRADEDIANTEIRACOMPLETACONFORMEMODELOEPINTURAEESPECIFICAÇÃOREGULAMENTARDOCORPODEBOMBEIROS;
2.FORNECERESUBSTITUIRRETROVISORL/DEL/ECOMPLETO,CONFORMEESPECIFICAÇÃODOMODELOEPINTURAEMCONFORMIDADEACORDOVEÍCULOREGULAMENTARDOCORPODEBOMBEIROS;
3.FORNECEREEXECUTARFUNILARIAEPINTURADACARROCERIAEASSOALHO,CABINE,CAÇAMBA,PARA-CHOQUEDIANTEIROETRASEIRO,CONFORMEESPECIFICAÇÃOREGULAMENTARDOCORPODEBOMBEIROS;
4.FORNECERESUBSTITUIRCANALETASDASPORTASDIANTEIRAEPORTASPASSAGEIROTRASEIRA;
5.FORNECEREEXECUTARAJUSTEEMANUTENÇÃODOSISTEMADETRAVAMENTODAPORTATRASEIRADACARROCERIA;
6.FORNECERESUBSTITUIRBRAÇOEPALHETASDOLIMPADORDEPARA-BRISA;
7.FORNECERESUBSTITUIRBORRACHASDEVEDAÇÃODAPORTAS;
8.FORNECERESUBSTITUIRFRISOSLATERAISEXTERNO;
9.FORNECERESUBSTITUIRPESTANASEXTERNASDOSVIDROSDASPORTASDIANTEIRAETRASEIRA;
10.FORNECERESUBSTITUIRSCOOPDECAPÔ,BEMCOMOEXECUTARPINTURAEMCONFORMIDADEACORDOVEÍCULOREGULAMENTARDOCORPODEBOMBEIROS;
11.FORNECEREEXECUTARPINTURADOSESTRIBOSLATERAIS,MATACACHORROESANTOANTONIONACORPRETACONFORMEPINTURAORIGINAL;
12.FORNECERESUBSTITUIRCAPAPEDALDOFREIO,EMBREAGEMEACELERADOR;
13.FORNECERESUBSTITUIRMOLDURADATAMPATRASEIRA;
14.FORNECERESUBSTITUIRNOPARA-CHOQUETASEIRO,ALMOFADAPISANTE,POLAINA. CORRETIVA ***** R$- CANCELADONANEO VIATURASERÁDESCARREGADA"
MANUTENÇÃO-2024,37,UR-17211,PNEU,"150 1278 ??? UR-17211 ??? 1.FORNECERESUBSTITUIR,04(QUATRO)PNEUSDEPRIMEIRALINHAMARCAFIRESTONECV5000-225/75R16-121/120R;
2.FORNECEREEXECUTAR,ALINHAMENTOEBALANCEAMENTO. CORRETIVA BHB R$6.432,00 FINALIZADONANEO "
MANUTENÇÃO-2024,56,GMT-0700,PNEU,"156 1334 TUE APR 23 2024 20:00:00 GMT-0700 (PACIFIC DAYLIGHT TIME) UR-17212 ??? 1.FORNECERESUBSTITUIR,04(QUATRO)PNEUSDEPRIMEIRALINHAMARCAFIRESTONECV5000-225/75R16-121/120R;
2.FORNECEREEXECUTAR,ALINHAMENTOEBALANCEAMENTO. CORRETIVA BHB R$6.946,67 FINALIZADONANEO "
MANUTENÇÃO-2024,58,GMT-0800,PNEU,"***** 1361 TUE FEB 27 2024 19:00:00 GMT-0800 (PACIFIC STANDARD TIME) TP-17004 268465 1.FORNECERESUBSTITUIRDOISPNEUSDIANTEIROS,MEDIDA195/6515DEPRIMEIRALINHA,MARCAGOODYEAR.
2.REALIZARALINHAMENTOEBALANCEAMENTO; PREVENTIVA BHB R$1.576,67 FINALIZADONANEO "
MANUTENÇÃO-2024,59,GMT-0800,EMBREAGEM,"***** 1383 WED FEB 14 2024 19:00:00 GMT-0800 (PACIFIC STANDARD TIME) TP-17205 207460 1.FORNECERESUBSTITUIR,QUITEDEEMBREAGEM;
2.REALIZARREPARODEESCAPAMENTO. CORRETIVA NAVARRO R$3.160,67 FINALIZADONANEO "
MANUTENÇÃO-2024,61,GMT-0800,PNEU,"176 ***** WED FEB 14 2024 19:00:00 GMT-0800 (PACIFIC STANDARD TIME) VO-17100 10283 VULCANIZAÇÃOPNEUTRASEIROLE CORRETIVA BORRACHARIAROTADOSOL R$70,00 CONCLUÍDO "
MANUTENÇÃO-2024,67,GMT-0800,PNEU,"***** 1411 MON FEB 26 2024 19:00:00 GMT-0800 (PACIFIC STANDARD TIME) ABS-17106 39240 1.SUBSTITUIR01PNEUDIANTEIRO;
2.FORNECERESUBSTITUIR01VÁLVULA(BICO)DEENCHIMENTODEPNEU. PREVENTIVA ALBUQUERQUE R$120,00 FINALIZADONANEO "
MANUTENÇÃO-2024,69,AB-17201,PNEU,"***** 1416 ***** AB-17201 ***** 1.FORNECERESUBSTITUIR,02PNEUSDIANTEIROS275/80R22,5-149/146LDEPRIMEIRALINHA,DEMARCAPIRELLIE02VÁLVULASSIMPLES;
2.FORNECEREEXECUTAR,ALINHAMENTOEBALANCEAMENTO. CORRETIVA ***** R$- CANCELADONANEO VEÍCULOSERÁDEVOLVIDOAOMUNICÍPIO."
MANUTENÇÃO-2024,71,GMT-0700,PNEU,"132 1421 THU MAR 14 2024 20:00:00 GMT-0700 (PACIFIC DAYLIGHT TIME) ABS-17105 50628 1.SUBSTITUIR02PNEUDIANTEIRO.OSPNEUSPARASUBSTITUIÇÃOSERÃOFORNECIDOSPELO17ºGB,NECESSITANDOSOMENTEDAMONTAGEM;
2.FORNECERESUBSTITUIR02VÁLVULAS(BICO)DEENCHIMENTODEPNEU. PREVENTIVA ALBUQUERQUE R$233,33 FINALIZADONANEO "
MANUTENÇÃO-2024,77,GMT-0700,EMBREAGEM,"168 1457 TUE APR 02 2024 20:00:00 GMT-0700 (PACIFIC DAYLIGHT TIME) UR-17212 50197 1.FORNECERESUBSTITUIRPOLIADAMPERCONFORMEESPECIFICAÇÃODOFABRICANTE;
2.FORNECERESUBSTITUIRCORREIADOMOTORCONFORMEESPECIFICAÇÃODOFABRICANTE;
3.FORNECERESUBSTITUIRTENSIONADORCONFORMEESPECIFICAÇÃODOFABRICANTE;
4.FORNECERESUBSTITUIRROLAMENTODEEMBREAGEMCONFORMEESPECIFICAÇÃODOFABRICANTE.
5.FORNECERTRANSPORTEDOVEICULO(GUINCHO)QUEESTANOCORPODEBOMBEIROSDEITAQUAQUECETUBA,R.ALIHAMOUD,162-JARDIMALPESDEITAQUA,ITAQUAQUECETUBA-SP,08588-630,ATÉAOFICINABFDIESELSITOÀAV.PREF.CARLOSFERREIRALOPES,383-VILAMOGILAR,MOGIDASCRUZES-SP,08773-490; CORRETIVA NAVARRO R$5.075,30 FINALIZADONANEO "
MANUTENÇÃO-2024,85,GMT-0800,PNEU,"***** 1479 WED FEB 21 2024 19:00:00 GMT-0800 (PACIFIC STANDARD TIME) ABS-17102 163764 EXECUTARMONTAGEMDE02PNEUSDIANTEIRO.(OBS.:PNEUS""MEIAVIDA""FORNECIDOSPELAMOTOMEC) CORRETIVA BHB R$4,00 FINALIZADONANEO "
MANUTENÇÃO-2024,90,GMT-0800,EMBREAGEM,"200 ***** THU MAR 07 2024 19:00:00 GMT-0800 (PACIFIC STANDARD TIME) TP-17004 268550 TROCADOBUJÃODOCÁRTER;TROCADACOIFADOCÂMBIO;TROCADORETENTORDOVIRABREQUIM;TROCADOÓLEODECÂMBIO;DESCARBONIZANTES;TROCADOKITDEEMBREAGEM;TROCADAJUNTADOCÁRTER;01LITRODEÓLEODEMOTOR. CORRETIVA ERGERAUTO(ERNANI) R$2.502,00 CONCLUÍDO "
MANUTENÇÃO-2024,91,AC-17001,PNEU,"203 1545 ***** AC-17001 ***** 1.FORNECERESUBSTITUIR02DOISPNEUSPIRELLIALLTERRAINPLUSSCORPION265/65R17;
2.FORNECERESUBSTITUIR02BICOSDEPNEUS(VÁLVULAS);
3.FORNECEREEXECUTA02DOISBALANCEAMENTOSDEPNEUS;
4.FORNECEREEXECUTARALINHAMENTO. PREVENTIVA ***** R$- CANCELADONANEO SERVIÇOEXECUTADOCOMRECURSOMUNICIPAL."
MANUTENÇÃO-2024,95,GMT-0700,PNEU,"211 ***** WED MAR 27 2024 20:00:00 GMT-0700 (PACIFIC DAYLIGHT TIME) VO-17104 47800 TROCADE02PNEUS,ALINHAMENTOEBALANCEAMENTO CORRETIVA ÁPICEMOGI R$1.700,00 CONCLUÍDO "
MANUTENÇÃO-2024,115,UT-17001,PNEU,"***** 1637 ***** UT-17001 ***** 1.FORNECERESUBSTITUIR04PNEUS,175/70R14DEPRIMEIRALINHA,MARCAPIRELLI,EBICOS;
2.FORNECEREEXECUTARALINHAMENTOEBALANCEAMENTO;
3.FORNECEREEXECUTARPINTURAGERAL,INCLUINDOCAPOTARÍGIDANACORPADRÃOCORPODEBOMBEIROS;
4.FORNECERESUBSTITUIR,02(DOIS)FAROLCOMPLETO;
5.FORNECERESUBSTITUIRBATERIAPRIMEIRALINHAMARCAMOURA52AH;
6.FORNECERESUBSTITUIRTROCADEÓLEODEMOTOR;
7.FORNECERESUBSTITUIRFILTROSDEÓLEOEDEMOTOR;
8.FORNECERESUBSTITUIRLIMPEZAGERALNOSISTEMADEARREFECIMENTO;
9.FORNECEREEXECUTARRETÍFICACOMPLETADOMOTOR. CORRETIVA ***** R$- CANCELADONANEO VIATURASERÁDESCARREGADA."
MANUTENÇÃO-2024,116,GMT-0700,PNEU,"203 ***** MON APR 08 2024 20:00:00 GMT-0700 (PACIFIC DAYLIGHT TIME) AC-17001 40190 TROCADOSPNEUSTRASEIROS(265/65R17-WRANGLERWORKHORSEAT112HSL);TROCADOSBICOSDEPNEUTRASEIRO;BALANCEAMENTODERODAS. PREVENTIVA ÁPICEMOGI R$2.430,00 CONCLUÍDO "
MANUTENÇÃO-2024,128,GMT-0700,PNEU,"223 ***** WED MAY 01 2024 20:00:00 GMT-0700 (PACIFIC DAYLIGHT TIME) AB-17102 139000 DESMONTAGEMEMONTAGEMDOS04PNEUSTRASEIROS CORRETIVA RE9 R$160,00 CONCLUÍDO "
MANUTENÇÃO-2024,141,VO-17008,EMBREAGEM,"***** 1857 ***** VO-17008 ***** 1.FORNECERESUBSTITUIR,RETIFICACOMPLETADEMOTOREPEÇAS.
2.FORNECERESUBSTITUIRGRADEDIANTEIRACOMPLETACONFORMEMODELOEPINTURAEESPECIFICAÇÃOREGULAMENTARDOCORPODEBOMBEIROS;
3.FORNECERESUBSTITUIRRETROVISORL/DEL/ECOMPLETO,CONFORMEESPECIFICAÇÃODOMODELOEPINTURAEMCONFORMIDADEACORDOVEÍCULOREGULAMENTARDOCORPODEBOMBEIROS;
4.FORNECEREEXECUTARFUNILARIAEPINTURADACARROCERIAEASSOALHO,CABINE,CAÇAMBA,PARA-CHOQUEDIANTEIROETRASEIRO,CONFORMEESPECIFICAÇÃOREGULAMENTARDOCORPODEBOMBEIROS;
5.FORNECERESUBSTITUIRCANALETASDASPORTASDIANTEIRAEPORTASPASSAGEIROTRASEIRA;
6.FORNECEREEXECUTARAJUSTEEMANUTENÇÃODOSISTEMADETRAVAMENTODAPORTATRASEIRADACARROCERIA;
7.FORNECERESUBSTITUIRBRAÇOEPALHETASDOLIMPADORDEPARA-BRISA;
8.FORNECERESUBSTITUIRBORRACHASDEVEDAÇÃODAPORTAS;
9.FORNECERESUBSTITUIRFRISOSLATERAISEXTERNO;
10.FORNECERESUBSTITUIRPESTANASEXTERNASDOSVIDROSDASPORTASDIANTEIRAETRASEIRA;
11.FORNECERESUBSTITUIRSCOOPDECAPÔ,BEMCOMOEXECUTARPINTURAEMCONFORMIDADEACORDOVEÍCULOREGULAMENTARDOCORPODEBOMBEIROS;
12.FORNECEREEXECUTARPINTURADOSESTRIBOSLATERAIS,MATACACHORROESANTOANTONIONACORPRETACONFORMEPINTURAORIGINAL;
13.FORNECERESUBSTITUIRCAPAPEDALDOFREIO,EMBREAGEMEACELERADOR;
14.FORNECERESUBSTITUIRMOLDURADATAMPATRASEIRA;
15.FORNECERESUBSTITUIRNOPARA-CHOQUETASEIRO,ALMOFADAPISANTE,POLAINA. CORRETIVA ***** R$- CANCELADONANEO O.SCANCELADADEVIDOSERACORDADONAREUNIÃODODIA05/04/2024JUNTAMENTECOMOTENENTEBRAMBILLAESARGENTOBARRETOQUEASO.SNAABAAGUARDANDOENVIODOVEICULOTERÁVIDAÚTILDE07DIASCORRIDO"
MANUTENÇÃO-2024,143,AB-17201,EMBREAGEM,233 1866 ***** AB-17201 ***** PLATOEMBREAGEM;DISCOEMBREAGEM;RETENTORDOVOLANTE;RETIFICAVOLANTEDOMOTOR;ROLAMENTOEMBREAGEMCOLAR;FRASCODE500MLFLUIDODOT4EMBREAGEM CORRETIVA ***** R$- CANCELADONANEO VIATURASERÁDEVOLVIDAAOMUNICÍPIO.
MANUTENÇÃO-2024,153,MOB-17101,PNEU,"187 1906 ***** MOB-17101 ***** 1.FORNECERESUBSTITUIR,CONJUNTODERELAÇÃO,COROA,PINHÃOECORRENTE,CONFORMEESPECIFICAÇÃODOFABRICANTE;
2.FORNECERESUBSTITUIR,JOGODEJUNTACOMPLETODEMOTOR;
2.FORNECERESUBSTITUIR,""EIXO""PINHÃODOCÂMBIOORIGINAL;CONFORMEESPECIFICAÇÃODOFABRICANTE;
3.FORNECERESUBSTITUIR,ÓLEODEMOTOR,CONFORMEESPECIFICAÇÃODOFABRICANTE;
4FORNECERESUBSTITUIR,FILTRODEÓLEO,CONFORMEESPECIFICAÇÃODOFABRICANTE;
5.FORNECERESUBSTITUIR,FILTRODECOMBUSTÍVELORIGINAL,CONFORMEESPECIFICAÇÃODOFABRICANTE;
6.FORNECERESUBSTITUIR,01(UM)PNEUDIANT.100/90/19E01(UM)PNEUTRAS.130/8017,PIRELLI,METZELER,EOUPRIMEIRALINHA CORRETIVA ***** R$- CANCELADONANEO ITEMSOLICTADODEFORMAERRÔNEA."
MANUTENÇÃO-2024,157,VO-17008,EMBREAGEM,"***** 1953 ***** VO-17008 ***** 1.FORNECERESUBSTITUIR,RETIFICACOMPLETADEMOTOREPEÇAS.
2.FORNECERESUBSTITUIRGRADEDIANTEIRACOMPLETACONFORMEMODELOEPINTURAEESPECIFICAÇÃOREGULAMENTARDOCORPODEBOMBEIROS;
3.FORNECERESUBSTITUIRRETROVISORL/DEL/ECOMPLETO,CONFORMEESPECIFICAÇÃODOMODELOEPINTURAEMCONFORMIDADEACORDOVEÍCULOREGULAMENTARDOCORPODEBOMBEIROS;
4.FORNECEREEXECUTARFUNILARIAEPINTURADACARROCERIAEASSOALHO,CABINE,CAÇAMBA,PARA-CHOQUEDIANTEIROETRASEIRO,CONFORMEESPECIFICAÇÃOREGULAMENTARDOCORPODEBOMBEIROS;
5.FORNECERESUBSTITUIRCANALETASDASPORTASDIANTEIRAEPORTASPASSAGEIROTRASEIRA;
6.FORNECEREEXECUTARAJUSTEEMANUTENÇÃODOSISTEMADETRAVAMENTODAPORTATRASEIRADACARROCERIA;
7.FORNECERESUBSTITUIRBRAÇOEPALHETASDOLIMPADORDEPARA-BRISA;
8.FORNECERESUBSTITUIRBORRACHASDEVEDAÇÃODAPORTAS;
9.FORNECERESUBSTITUIRFRISOSLATERAISEXTERNO;
10.FORNECERESUBSTITUIRPESTANASEXTERNASDOSVIDROSDASPORTASDIANTEIRAETRASEIRA;
11.FORNECERESUBSTITUIRSCOOPDECAPÔ,BEMCOMOEXECUTARPINTURAEMCONFORMIDADEACORDOVEÍCULOREGULAMENTARDOCORPODEBOMBEIROS;
12.FORNECEREEXECUTARPINTURADOSESTRIBOSLATERAIS,MATACACHORROESANTOANTONIONACORPRETACONFORMEPINTURAORIGINAL;
13.FORNECERESUBSTITUIRCAPAPEDALDOFREIO,EMBREAGEMEACELERADOR;
14.FORNECERESUBSTITUIRMOLDURADATAMPATRASEIRA;
15.FORNECERESUBSTITUIRNOPARA-CHOQUETASEIRO,ALMOFADAPISANTE,POLAINA.
 CORRETIVA ***** R$- CANCELADONANEO VIATURASERÁDESCARREGADA."
MANUTENÇÃO-2024,164,GMT-0700,PNEU,"***** 1983 THU AUG 08 2024 20:00:00 GMT-0700 (PACIFIC DAYLIGHT TIME) UR-17210 ??? 1.FORNECERESUBSTITUIR,04(QUATRO)PNEUSDEPRIMEIRALINHAMARCAFIRESTONECV5000-225/65R16-112/110R;
2.FORNECERESUBSTITUIR,04VÁLVULAPNEUSEMCÂMERA.
3.FORNECEREEXECUTAR,ALINHAMENTOEBALANCEAMENTO. PREVENTIVA BHB R$6.785,87 FINALIZADONANEO "
MANUTENÇÃO-2024,177,VO-17100,PNEU,"***** 2020 ***** VO-17100 ***** 1.	FORNECERESUBSTITUIR,02(DOIS)PNEUSDIANTEIROS205/55R1691H-PRIMEIRALINHA,DEMARCADUNLOP,MODELOENASAVEEC300+
2.FORNECERESUBSTITUIR02(DUAS)VÁLVULAS(BICOS)SIMPLESDEENCHIMENTOPARAOSPNEUSASEREMSUBSTITUÍDOS;
3.	REALIZAROALINHAMENTODEDIREÇÃO;
4.REALIZAROBALANCEMANTODAS04(QUATRO)RODAS. PREVENTIVA ***** R$- CANCELADONANEO SERVIÇOREALIZADOCOMRECURSOMUNICIPAL."
MANUTENÇÃO-2024,185,ABS-17103,EMBREAGEM,"348 2607 ***** ABS-17103 ***** 1.	FORNECERESUBSTITUIRKITDEEMBREAGEM(PLATÔEDISCO)CONFORMEESPECIFICAÇÃODOFABRICANTE;
2.	FORNECERESUBSTITUIRKITCAIXASECA; CORRETIVA ***** R$- CANCELADONANEO FEITOCONTATOCOMORESPONSÁVELEELEINFORMOUQUENÃOSERÁPOSSÍVELABAIXAROSVALORESDEVIDOOSCUSTOSOPERACIONAIS."
MANUTENÇÃO-2024,197,GMT-0700,EMBREAGEM,"348 2635 MON OCT 21 2024 20:00:00 GMT-0700 (PACIFIC DAYLIGHT TIME) ABS-17103 146612 1.FORNECERESUBSTITUIREMBREAGEMCOMPLETA,MARCAIVECO,CONFORMEOSITENSABAIXO:
2.FORNECERESUBSTITUIRCARCAÇADECAIXADECÂMBIO,VOLANTEDOMOTOR,KITDEEMBREAGEM,GARFOEMBREAGEM,SUPORTEDOGARFODAEMBREAGEM,PINOGUIADEEMBREAGEM,ROLAMENTOEIXOPILOTOPARAFUSO((M8X125X357MM),FLUIDODOT5.
3.FORNECERSERVIÇOGUINCHO.VIATURAENCONTRA-SENOSEGUINTEENDEREÇO:RUAOLEGÁRIOPAIVA,33-CENTRO-MOGIDASCRUZES-SP. CORRETIVA MULTISERVICE R$21.329,55 FINALIZADONANEO "
MANUTENÇÃO-2024,198,GMT-0700,PNEU,"273 ***** THU JUN 27 2024 20:00:00 GMT-0700 (PACIFIC DAYLIGHT TIME) AC-17001 45100 RODÍZIODEPNEUS;ALINHAMENTODEDIREÇÃO;BALANCEAMENTODAS4RODAS PREVENTIVA DUPAIVA R$190,00 CONCLUÍDO "
MANUTENÇÃO-2024,207,MOB-17101,PNEU,"187 2163 ***** MOB-17101 ***** 1.	FORNECERESUBSTITUIR,CONJUNTODERELAÇÃO,COROA,PINHÃOECORRENTE,CONFORMEESPECIFICAÇÃODOFABRICANTE;
2.RETIFICACOMPLETADOMOTOR;
2.FORNECERESUBSTITUIR,""EIXO""PINHÃODOCÂMBIOORIGINAL;CONFORMEESPECIFICAÇÃODOFABRICANTE;
3.FORNECERESUBSTITUIR,ÓLEODEMOTOR,CONFORMEESPECIFICAÇÃODOFABRICANTE;
4FORNECERESUBSTITUIR,FILTRODEÓLEO,CONFORMEESPECIFICAÇÃODOFABRICANTE;
5.FORNECERESUBSTITUIR,FILTRODECOMBUSTÍVELORIGINAL,CONFORMEESPECIFICAÇÃODOFABRICANTE;
6.FORNECERESUBSTITUIR,01(UM)PNEUDIANT.100/90/19E01(UM)PNEUTRAS.130/8017,PIRELLI,METZELER,EOUPRIMEIRALINHA CORRETIVA ***** R$- CANCELADONANEO VIATURASERÁDESCARREGADA"
MANUTENÇÃO-2024,223,GMT-0700,EMBREAGEM,"***** 2292 TUE SEP 17 2024 20:00:00 GMT-0700 (PACIFIC DAYLIGHT TIME) ABS-17202  1.	FORNECERESUBSTITUIRKITDEEMBREAGEM(PLATÔEDISCO)CONFORMEESPECIFICAÇÃODOFABRICANTE;
2.	FORNECERESUBSTITUIRATUADORDEEMBREAGEMDOCAMBIOCONFORMEESPECIFICAÇÃODOFABRICANTE;
3.	FORNECERESUBSTITUIRRETENTORDOVOLANTEDEMOTORCONFORMEESPECIFICAÇÃODOFABRICANTE;
4.	RETIFICARVOLANTEDEMOTOR;
5.FORNECERESUBSTITUIRFLUÍDODOT4.
6.FORNECERSERVIÇODEGUINCHO. CORRETIVA NAVARRO R$13.301,01 FINALIZADONANEO "
MANUTENÇÃO-2024,239,GMT-0700,PNEU,"141 ***** TUE JUL 09 2024 20:00:00 GMT-0700 (PACIFIC DAYLIGHT TIME) UR-17101 33405 COMPRADE02PNEUS(225/75R16121/120RCV5000-FIRESTONE).OBS.:PARAUSONASRODASTRASEIRAS PREVENTIVA DELLAVIA R$2.016,00 CONCLUÍDO "
MANUTENÇÃO-2024,241,GMT-0700,PNEU,***** ***** WED JUL 10 2024 20:00:00 GMT-0700 (PACIFIC DAYLIGHT TIME) UR-17101 33470 MONTAGEMEBALANCEAMENTODE02PNEUS(225/75R16121/120RCV5000-FIRESTONE).OBS.:RODASTRASEIRAS PREVENTIVA GVPNEUS(GETÚLIOVARGAS) R$- CONCLUÍDO 
MANUTENÇÃO-2024,242,GMT-0700,PNEU,"***** 2349 TUE OCT 15 2024 20:00:00 GMT-0700 (PACIFIC DAYLIGHT TIME) UR-17213 ??? 1.FORNECERESUBSTITUIR,04(QUATRO)PNEUSDEPRIMEIRALINHAMARCAFIRESTONECV5000-225/75R16-121/120R;
2.FORNECERESUBSTITUIR,04BICOSDEAR
3.FORNECEREEXECUTAR,ALINHAMENTOEBALANCEAMENTO. PREVENTIVA PALACEPNEUS R$6.059,71 FINALIZADONANEO "
MANUTENÇÃO-2024,247,GMT-0700,PNEU,"***** 2372 MON OCT 14 2024 20:00:00 GMT-0700 (PACIFIC DAYLIGHT TIME) UR-17211 ??? FORNECERSERVIÇODEALINHAMENTO/BALANCEAMENTOERODIZIODOSPNEUS. PREVENTIVA COSMORAMA R$475,68 FINALIZADONANEO "
MANUTENÇÃO-2024,248,GMT-0700,PNEU,"***** 2373 WED OCT 09 2024 20:00:00 GMT-0700 (PACIFIC DAYLIGHT TIME) UR-17208 ??? FORNECERSERVIÇODEALINHAMENTO/BALANCEAMENTOERODIZIODOSPNEUS. PREVENTIVA COSMORAMA R$475,68 FINALIZADONANEO "
MANUTENÇÃO-2024,249,GMT-0700,PNEU,"314 ***** THU AUG 22 2024 20:00:00 GMT-0700 (PACIFIC DAYLIGHT TIME) MOB-17105 58280 TROCADACÂMARADEARPNEUTRASEIRO CORRETIVA TOTALMOTOS R$105,00 CONCLUÍDO "
MANUTENÇÃO-2024,256,AC-17001,PNEU,"327 2411 ***** AC-17001 ***** 1.FORNECERESUBSTITUIR,02(QUATRO)PNEUSDEPRIMEIRALINHAMARCAGOODYEAR-AT265/65R17112H;PNEUGOODYEARARO17WRANGLERWORKHORSE
2.FORNECERESUBSTITUIR,02BICOSDEAR
3.FORNECEREEXECUTAR,ALINHAMENTOEBALANCEAMENTO. PREVENTIVA ***** R$- CANCELADONANEO ERRODENOQUANTITATIVODASPEÇAS."
MANUTENÇÃO-2024,258,AC-17001,PNEU,"327 2417 ***** AC-17001 ***** 1.FORNECERESUBSTITUIR,02(DOIS)PNEUSDEPRIMEIRALINHAMARCAGOODYEAR-AT265/65R17112H;PNEUGOODYEARARO17WRANGLERWORKHORSE
2.FORNECERESUBSTITUIR,02BICOSDEAR
3.FORNECEREEXECUTAR,ALINHAMENTOEBALANCEAMENTO. PREVENTIVA ***** R$- CANCELADONANEO SERVIÇOSERÁREALIZADOCOMRECURSOMUNICIPAL"
MANUTENÇÃO-2024,268,ABS-17202,PNEU,"***** 2428 ***** ABS-17202 ***** 1.FORNECERESUBSTITUIR,02(DOIS)PNEUSDEPRIMEIRALINHA,MARCABRIDGESTONE-275/80R22.5;
2.FORNECERESUBSTITUIR,02BICOSDEAR
3.FORNECEREEXECUTAR,ALINHAMENTOEBALANCEAMENTO. PREVENTIVA ***** R$- CANCELADONANEO PNEUSCOMPREÇOFORADATABELADEREFERÊNCIADEMERCADO."
MANUTENÇÃO-2024,269,VO-17205,PNEU,"***** 2429 ***** VO-17205 ***** 1.FORNECERESUBSTITUIR,02(QUATRO)PNEUSDEPRIMEIRALINHAMARCAPIRELLI-205/60/15;
2.FORNECERESUBSTITUIR,02BICOSDEAR
3.FORNECEREEXECUTAR,ALINHAMENTOEBALANCEAMENTO. PREVENTIVA ***** R$- CANCELADONANEO SERVIÇOSERÁREALIZADOCOMRECURSOMUNICIPAL"
MANUTENÇÃO-2024,270,GMT-0700,EMBREAGEM,"***** ***** WED SEP 04 2024 20:00:00 GMT-0700 (PACIFIC DAYLIGHT TIME) MOB-17107 49670 TROCADOKITDEEMBREAGEMEFLUÍDODEFREIOD CORRETIVA MARCATTOMOTOS R$275,90 CONCLUÍDO "
MANUTENÇÃO-2024,272,VO-17103,PNEU,"***** 2448 ***** VO-17103 ***** 1.FORNECERESUBSTITUIR,02(DOIS)PNEUSDEPRIMEIRALINHAMARCAPIRELLI-205/65/15;
2.FORNECERESUBSTITUIR,02BICOSDEAR
3.FORNECEREEXECUTAR,ALINHAMENTOEBALANCEAMENTO. PREVENTIVA ***** R$- CANCELADONANEO SERVIÇOSERÁREALIZADOCOMRECURSOMUNICIPAL"
MANUTENÇÃO-2024,274,GMT-0700,PNEU,"327 ***** TUE SEP 10 2024 20:00:00 GMT-0700 (PACIFIC DAYLIGHT TIME) AC-17001 49750 COMPRADE02PNEUS(225/75R16121/120RCV5000-FIRESTONE).OBS.:PARAUSONASRODASTRASEIRAS PREVENTIVA DELLAVIA R$2.399,00 CONCLUÍDO "
MANUTENÇÃO-2024,275,GMT-0700,PNEU,"***** ***** TUE SEP 10 2024 20:00:00 GMT-0700 (PACIFIC DAYLIGHT TIME) VO-17103/AC-17001 114067 TROCADOS4PNEUS;ALINHAMENTODEDIREÇÃO;BALANCEMANTODAS4RODAS PREVENTIVA DELLAVIA R$5.030,00 CONCLUÍDO "
MANUTENÇÃO-2024,289,GMT-0700,PNEU,"357 ***** THU OCT 10 2024 20:00:00 GMT-0700 (PACIFIC DAYLIGHT TIME) ASE-17101 162928 02PNEUS CORRETIVA SERGIPANA R$6.760,00 CONCLUÍDO "
MANUTENÇÃO-2024,290,GMT-0700,PNEU,"357 ***** THU OCT 10 2024 20:00:00 GMT-0700 (PACIFIC DAYLIGHT TIME) ASE-17101 162928 ALINHAMENTO,BALANCEAMENTO,TROCADEDOISFRISOSEMONTAGEMDEDOISPNEUS CORRETIVA MVPNEUS R$1.250,00 CONCLUÍDO "
MANUTENÇÃO-2024,293,ABS-17203,PNEU,"***** 2626 ??? ABS-17203 ??? 1.FORNECEREEXECUTARSERVIÇODEALINHAMENTOEBALANCEAMENTO,RODIZIODEPNEUS. PREVENTIVA JKAR R$719,46 FINALIZADONANEO "
MANUTENÇÃO-2024,296,UT-17003,PNEU,"***** 2695 ***** UT-17003 ***** 1.FORNECERESUBSTITUIR04PNEUSFIRESTONEARO16CV5000205/75R16C110/108R;
2.FORNECERESUBSTITUIR04BICOSDEPNEUSCONFORMEESPECIFICAÇÃODOFABRICANTE;
3.FORNECEREEXECUTAR04BALANCEAMENTOSDEPNEUS;
5.FORNECEREEXECUTARALINHAMENTO. PREVENTIVA ***** R$- CANCELADONANEO SERÁUTILIZADORECURSOMUNICIPALPARATROCADOSPNEUS."
MANUTENÇÃO-2024,297,GMT-0800,PNEU,"***** 2721 MON NOV 18 2024 19:00:00 GMT-0800 (PACIFIC STANDARD TIME) ABS-17202 ??? 1.FORNECERESUBSTITUIR,02(DOIS)PNEUSDEPRIMEIRALINHA,MARCABRIDGESTONE-275/80R22.5;
2.FORNECERESUBSTITUIR,02BICOSDEAR
3.FORNECEREEXECUTAR,ALINHAMENTOEBALANCEAMENTO. PREVENTIVA ALBUQUERQUE R$4.867,97 FINALIZADONANEO "
MANUTENÇÃO-2024,298,MOB-17102,PNEU,"351 2724 ***** MOB-17102 ***** 1.	SUBSTITUIR02PNEUSQUESERÃOFORNECIDOSPELO17ºGB;
2.FORNECERESUBSTITUIR02VÁLVULASDEPNEUS;
3.FORNECERESUBSTITUIRÓLEODEMOTORCONFORMEESPECIFICAÇÃODOFABRICANTE;
4FORNECERESUBSTITUIRFILTRODEÓLEODEMOTOCONFORMEESPECIFICAÇÃODOFABRICANTE;
5.FORNECERESUBSTITUIRFILTRODEARCONFORMEESPECIFICAÇÃODOFABRICANTE.
6.SUBSTITUIRPASTILHASDEFREIODIANTEIROQUESERÃOFORNECIDASPELO17ºGB. PREVENTIVA ***** R$- CANCELADONANEO FALTAITENSASEREMLANÇADOS"
MANUTENÇÃO-2024,301,GMT-0700,PNEU,"289 ***** THU OCT 31 2024 20:00:00 GMT-0700 (PACIFIC DAYLIGHT TIME) ABS-17106 41984 TROCADE4PNEUSTRASEIROS,ALINHAMENTOEBALANCEAMENTO PREVENTIVA SERGIPANA R$2.435,00 CONCLUÍDO 61"
MANUTENÇÃO-2024,304,MOB-17102,PNEU,"351 2846 ***** MOB-17102 ***** 1.SUBSTITUIR02PNEUSQUESERÃOFORNECIDOSPELO17ºGB;
2.FORNECERESUBSTITUIRCÂMARADEARDIANTEIROETRASEIRO;
3.FORNECERESUBSTITUIRÓLEODEMOTORCONFORMEESPECIFICAÇÃODOFABRICANTE;
4FORNECERESUBSTITUIRFILTRODEÓLEODEMOTOCONFORMEESPECIFICAÇÃODOFABRICANTE;
5.FORNECERESUBSTITUIRFILTRODEARCONFORMEESPECIFICAÇÃODOFABRICANTE;
6.SUBSTITUIRPASTILHASDEFREIODIANTEIROQUESERÃOFORNECIDASPELO17ºGB. PREVENTIVA ***** R$- CANCELADONANEO FALTOUADICIONARMAISITENSNADESCRIÇÃODESERVIÇOS"
MANUTENÇÃO-2024,309,GMT-0800,PNEU,"351 2887 MON JAN 06 2025 19:00:00 GMT-0800 (PACIFIC STANDARD TIME) MOB-17102 81462 1.SUBSTITUIR02PNEUSQUESERÃOFORNECIDOSPELO17ºGB;
2.FORNECERESUBSTITUIRCÂMARADEARDIANTEIROETRASEIRO;
3.FORNECERESUBSTITUIRÓLEODEMOTORCONFORMEESPECIFICAÇÃODOFABRICANTE;
4FORNECERESUBSTITUIRFILTRODEÓLEODEMOTOCONFORMEESPECIFICAÇÃODOFABRICANTE;
5.FORNECERESUBSTITUIRFILTRODEARCONFORMEESPECIFICAÇÃODOFABRICANTE;
6.SUBSTITUIRPASTILHASDEFREIODIANTEIROQUESERÃOFORNECIDASPELO17ºGB. PREVENTIVA TOTALMOTOS R$1.166,13 EXECUTADO "
MANUTENÇÃO-2024,325,UR-17105,PNEU,"205 1608 ***** UR-17105 ***** 1.FORNECERESUBSTITUIR,04(QUATRO)PNEUSDEPRIMEIRALINHAMARCAFIRESTONECV5000-225/75R16-121/120R;
3.FORNECEREEXECUTAR,ALINHAMENTOEBALANCEAMENTO. PREVENTIVA ***** R$- CANCELADONANEO REALIZADOCOMRECURSOINTERNO."
MANUTENÇÃO-2024,329,GMT-0800,PNEU,"***** ***** THU NOV 21 2024 19:00:00 GMT-0800 (PACIFIC STANDARD TIME) UT-17003 111870 TROCADE04PNEUS(205/75R16FIRESTONE);04BALANCEAMENTOSDERODA;TROCADAS04VÁLVULASDEPNEU;01ALINHAMENTODEDIREÇÃO PREVENTIVA IKEDA R$4.296,00 CONCLUÍDO "
MANUTENÇÃO-2024,338,GMT-0700,PNEU,"212 ***** MON APR 15 2024 20:00:00 GMT-0700 (PACIFIC DAYLIGHT TIME) UR-17105 29772 TROCADOS04PNEUS(225/75R16C-CARGOMARATHONII118/116RE);ALINHAMENTODEDIREÇÃO;BALANCEAMENTODAS04RODAS PREVENTIVA APICEMOGI R$5.400,00 CONCLUÍDO "
MANUTENÇÃO-2024,344,GMT-0700,PNEU,"220 ***** MON APR 15 2024 20:00:00 GMT-0700 (PACIFIC DAYLIGHT TIME) UR-17105 29772 TROCADOS04PNEUS(225/75R16C-CARGOMARATHONII118/116RE);ALINHAMENTODEDIREÇÃO;BALANCEAMENTODAS04RODAS PREVENTIVA APICEMOGI R$5.400,00 CONCLUÍDO "
MANUTENÇÃO-2024,350,GMT-0800,EMBREAGEM,"411 ***** THU DEC 12 2024 19:00:00 GMT-0800 (PACIFIC STANDARD TIME) MOB-17104 70700 COMPRADOCABODAEMBREAGEM CORRETIVA ERCIMOTOS R$135,00 CONCLUÍDO "
MANUTENÇÃO-2024,351,GMT-0800,EMBREAGEM,"411 ***** THU DEC 12 2024 19:00:00 GMT-0800 (PACIFIC STANDARD TIME) MOB-17104 70700 TROCADOCABODAEMBREAGEM CORRETIVA KIMURA(GUARNIÇÃODASMOB'S) R$135,00 CONCLUÍDO "
MANUTENÇÃO-2024,352,GMT-0800,PNEU,"***** ***** THU DEC 12 2024 19:00:00 GMT-0800 (PACIFIC STANDARD TIME) TP-17001 19814 REVISÃOPERIÓDICACONTEMPLANDOOSSEGUINTESSERVIÇOS:RODÍZIODOSPNEUS,TROCADOFILTRODEÓLEODOMOTOR,TROCADAJUNTADEALIMÍNIODOBUJÃODOCÁRTER,TROCADOFILTRODECABINE,TROCADOFILTRODECOMBUSTÍVEL,TROCADOÓLEODOMOTOR(SEMISINTÉTICO).OBS.:PRÓXIMAREVISÃOAOS29.814KM. PREVENTIVA TOYOTATSUSHOMOGI R$- CONCLUÍDO "
MANUTENÇÃO-2024,381,MO-17001,PNEU,"***** 3049  MO-17001  1.FORNECERESUBSTITUIR,04(DOIS)PNEUSDEPRIMEIRALINHA,MARCAGOODYEAR-205/75R16;
2.FORNECERESUBSTITUIR,04BICOSDEAR
3.FORNECEREEXECUTAR,ALINHAMENTOEBALANCEAMENTO. PREVENTIVA   PENDENTENANEO "
MANUTENÇÃO-2024,382,UR-17214,PNEU,"***** 3055  UR-17214  1.FORNECERESUBSTITUIR,04(QUATRO)PNEUSDEPRIMEIRALINHAMARCAFIRESTONECV5000-225/75R16-121/120R;
2.FORNECERESUBSTITUIR,04(QUATRO)BICODEAR.
3.FORNECEREEXECUTAR,ALINHAMENTOEBALANCEAMENTO. PREVENTIVA   PENDENTENANEO "
MANUTENÇÃO-2023,15,GMT-0700,EMBREAGEM,"***** 3060 TUE APR 04 2023 20:00:00 GMT-0700 (PACIFIC DAYLIGHT TIME) AB-17201 213042 1.REPARARSERVODAEMBREAGEM,FORNECENDOESUBSTITUINDOASPEÇASQUEFOREMNECESSÁRIAS.  BFDIESEL R$1.051,00 FINALIZADANANEO "
MANUTENÇÃO-2023,22,GMT-0700,PNEU," ***** MON AUG 28 2023 20:00:00 GMT-0700 (PACIFIC DAYLIGHT TIME) ABS-17101  REPAROEM4PNEUS  RE9 R$130,00 NÃOHOUVEO.S. "
MANUTENÇÃO-2023,24,GMT-0800,EMBREAGEM,"44846 ***** THU FEB 16 2023 19:00:00 GMT-0800 (PACIFIC STANDARD TIME) ABS-17102 155153 TROCADOCONJUNTODEEMBREAGEM,ROLAMENTODAPONTADOPILOTO,RETÍFICADOVOLANTE,CILINDROMESTRE,CILINDROAUXILIAR,FLUÍDODOT4.  TIZIL R$4.215,00 NÃOHOUVEO.S. "
MANUTENÇÃO-2023,30,GMT-0700,PNEU,"45082 ***** WED MAY 03 2023 20:00:00 GMT-0700 (PACIFIC DAYLIGHT TIME) ABS-17102 156972 COMPRADE02PNEUS215/75R17,5PIRELLI(TRASEIROSLADODIREITO)  SERGIPANAPNEUS R$2.940,00 NÃOHOUVEO.S. "
MANUTENÇÃO-2023,31,GMT-0700,PNEU,"45082 ***** THU MAY 04 2023 20:00:00 GMT-0700 (PACIFIC DAYLIGHT TIME) ABS-17102 156972 MONTAGEMDE02PNEUS215/75R17,5PIRELLI(TRASEIROSLADODIREITO)  RE9DIESEL R$60,00 NÃOHOUVEO.S. "
MANUTENÇÃO-2023,44,GMT-0800,PNEU,"42138 2908 MON MAR 06 2023 19:00:00 GMT-0800 (PACIFIC STANDARD TIME) ABS-17103 133000 1.FORNECERESUBSTITUIR04(QUATRO)PNEUSPARACAMINHÃO,DETRAÇÃO,DIMENSÕES275/80R22,5,CONSTRUÇÃORADIAL,ARO22,5,IC152/148,COD.VEL.“M”,NOVO(PRIMEIRAVIDA),COMCERTIFICAÇÃOCOMPULSÓRIAINMETRO.ATENDENDOANORMAABNTNBR15296/2005;
2.EFETUARAMONTAGEM,BALANCEAMENTOECALIBRAGEMDE04(QUATRO)PNEUS,CONFORMEESPECIFICAÇÕESDOFABRICANTE.  APICEJACUPESSEGO R$13.456,00 FINALIZADANANEO "
MANUTENÇÃO-2023,51,GMT-0700,PNEU,"44989 3081 MON APR 24 2023 20:00:00 GMT-0700 (PACIFIC DAYLIGHT TIME) ABS-17103 134544 1.FORNECERESUBSTITUIR02(DOIS)PNEUSPARACAMINHÃO,DIRECIONAL,DIMENSÕES275/80R22,5,CONSTRUÇÃORADIAL,ARO22,5,IC152/148,COD.VEL.“M”,NOVO(PRIMEIRAVIDA),COMCERTIFICAÇÃOCOMPULSÓRIAINMETRO.ATENDENDOANORMAABNTNBR15296/2005;
2.EFETUARAMONTAGEM,BALANCEAMENTO,ALINHAMENTODEDIREÇÃOECALIBRAGEMDE02(DOIS)PNEUS,CONFORMEESPECIFICAÇÕESDOFABRICANTE.  PALACEPNEUS R$5.777,00 FINALIZADANANEO "
MANUTENÇÃO-2023,60,ABS-17103,EMBREAGEM," 1134  ABS-17103  1.FORNECERESUBSTITUIRKITDEEMBREAGEM(PLATÔEDISCO)CONFORMEESPECIFICAÇÃODOFABRICANTE;
2.FORNECERESUBSTITUIRATUADORDEEMBREAGEMDOCAMBIOCONFORMEESPECIFICAÇÃODOFABRICANTE;
3.FORNECERESUBSTITUIRRETENTORDOVOLANTEDEMOTORCONFORMEESPECIFICAÇÃODOFABRICANTE;
4.RETIFICARVOLANTEDEMOTOR;
5.FORNECERESUBSTITUIRFLUÍDODOT4.
6.OBS:CONTEMPLAR""GUINCHO""PARATRANSPORTEDAVIATURAATÉAOFICINA,POISELAENCONTRA-SENARUAOLEGÁRIOPAIVA,33,CENTRO,MOGIDASCRUZES-SP(CORPODEBOMBEIROS).    PENDENTENANEO "
MANUTENÇÃO-2023,67,GMT-0700,PNEU,"45022 ***** SUN APR 09 2023 20:00:00 GMT-0700 (PACIFIC DAYLIGHT TIME) ABS-17106 17297 CONSERTOEMPNEU(PNEUTRASEIROESQUERDOEXTERNOFURADO)  RE9DIESEL R$40,00 NÃOHOUVEO.S. "
MANUTENÇÃO-2023,68,ABS-17106,PNEU,"***** 355 ***** ABS-17106 ***** 1.FORNECERESUBSTITUIR02(DUAS)ESPIGÃO1/2X6""C.BAIXAG.5;
2.FORNECERESUBSTITUIR02(DUAS)PORCAS1/2SEXT.SIMPLESUNC;
3.FORNECERESUBSTITUIR04(QUATRO)PINOSDAMOLADIANTEIRAF-CARGO/VW(CURTO);
4.FORNECERESUBSTITUIR02(DOIS)PINOSDAMOLADIANTEIRAF-CARGO/VW(LONGO).
5.FORNECERESUBSTITUIR01(UMA)GRAXEIRA3/8RETA;
6.FORNECERESUBSTITUIR04(QUATRO)BUCHASBRONZEDAMOLADIANTEIRAF-CARGO/VW;
7.FORNECERESUBSTITUIR01(UMA)BARRADEDIREÇÃOCURTAF-CARGO/VWTEC;
8.FORNECEREEXECUTARALINHAMENTOEBALANCEAMENTODOSPNEUSESUSPENSÃODIANTEIRA.  ***** R$- CANCELADANANEO "
MANUTENÇÃO-2023,71,ABS-17202,PNEU,"***** 376  ABS-17202  1.FORNECERESUBSTITUIR4PNEUSTRASEIRO275/80R22,5;
2.FORNECERESUBSTITUIR4VÁLVULASPARAPNEU(BICOS);
3.FORNECEREEXECUTARBALANCEAMENTODOSPNEUSTRASEIRO.  INJETRONIC R$9.395,00 FINALIZADANANEO "
MANUTENÇÃO-2023,74,ABS-17202,EMBREAGEM,"***** 577 ??? ABS-17202 ??? 1.FORNECERESUBSTITUIRKITDEEMBREAGEM(PLATÔEDISCO)CONFORMEESPECIFICAÇÃODOFABRICANTE;
2.FORNECERESUBSTITUIRATUADORDEEMBREAGEMDOCAMBIOCONFORMEESPECIFICAÇÃODOFABRICANTE;
3.FORNECERESUBSTITUIRRETENTORDOVOLANTEDEMOTORCONFORMEESPECIFICAÇÃODOFABRICANTE;
4.RETIFICARVOLANTEDEMOTOR;
5.FORNECERESUBSTITUIRFLUÍDODOT4.  INJETRONIC R$6.360,00 FINALIZADANANEO "
MANUTENÇÃO-2023,83,GMT-0700,PNEU,45014 ***** WED APR 19 2023 20:00:00 GMT-0700 (PACIFIC DAYLIGHT TIME) AC-17001 10506 REALIZADOORODÍZIODEPNEUS  FITAUTOCENTER R$- NÃOHOUVEO.S. 
MANUTENÇÃO-2023,89,GMT-0700,PNEU,"54 ***** TUE OCT 24 2023 20:00:00 GMT-0700 (PACIFIC DAYLIGHT TIME) AC-17001  TROCADE02PNEUSDIANTEIRO,BALANCEAMENTOERODÍZIODOSPANEUSTRASERO  DPASHOAL R$2.200,00 NÃOHOUVEO.S. "
MANUTENÇÃO-2023,103,GMT-0700,PNEU,"44921 ***** WED MAR 15 2023 20:00:00 GMT-0700 (PACIFIC DAYLIGHT TIME) AS-17101 284250 COMPRADE02PNEUS(DIANTEIROS)  DELLAVIAPNEUS R$1.602,00 NÃOHOUVEO.S. "
MANUTENÇÃO-2023,104,GMT-0700,PNEU,44921 ***** WED MAR 15 2023 20:00:00 GMT-0700 (PACIFIC DAYLIGHT TIME) AS-17101 284250 MONTAGEMEBALANCEAMENTODOS02PNEUSDIANTEIROS  RE9DIESEL R$- NÃOHOUVEO.S. 
MANUTENÇÃO-2023,108,GMT-0700,EMBREAGEM,"45428 ***** WED AUG 09 2023 20:00:00 GMT-0700 (PACIFIC DAYLIGHT TIME) AS-17101 284705 TROCADOCILINDRODEEMBREAGEM(OBS.:SERVIÇOREALIZADONAOFICINASEBINHO)  BFDIESEL R$1.360,00 NÃOHOUVEO.S. "
MANUTENÇÃO-2023,109,GMT-0700,EMBREAGEM,45428 ***** WED AUG 09 2023 20:00:00 GMT-0700 (PACIFIC DAYLIGHT TIME) AS-17101 284705 REVISÃONOSISTEMADAEMBREAGEM(OBS.:GARANTIAREFERENTEATROCADOCILINDRODEEMBREAGEM-SERVIÇOREALIZADONAOFICINASEBINHO)  BFDIESEL R$- NÃOHOUVEO.S. 
MANUTENÇÃO-2023,110,AS-17101,PNEU," 822 ??? AS-17101 ??? 1.FORNECERESUBSTITUIR03PNEUS,SENDO2(DOIS)DIANTEIROS,E01(UM)PARAESTEPE),MEDIDAS7,50-16-116/114DEPRIMEIRALINHA,MARCAPIRELLIANTEO-52116/114LNYLON,02VÁLVULASSIMPLES,ECÂMARASEPROTETORES;
2.FORNECEREEXECUTARALINHAMENTOEBALANCEAMENTO.  APCCOMÉRCIODEPNEUS R$4.947,00 FINALIZADONANEO "
MANUTENÇÃO-2023,111,AS-17101,PNEU," 878  AS-17101  1.	FORNECERESUBSTITUIR04PNEUS,TRASEIROS,MEDIDAS7,50-16-116/114DEPRIMEIRALINHA,MARCAPIRELLIANTEO-59NYLON,04VÁLVULASSIMPLES,02PROLONGADORES,ECÂMARASEPROTETORES;
2.	FORNECEREEXECUTARALINHAMENTOEBALANCEAMENTO.    PENDENTENANEO "
MANUTENÇÃO-2023,113,GMT-0700,PNEU,"44638 3012 TUE MAR 21 2023 20:00:00 GMT-0700 (PACIFIC DAYLIGHT TIME) AS-17201 191673 1.FORNECERESUBSTITUIR04(QUATRO)PNEUSTRASEIROS,DETRAÇÃO,DEMEDIDAS7.50ARO16;
2.REALIZARALINHAMENTODEVOLANTE;
3.REALIZAROBALANCEAMENTODE04(QUATRO)PNEUS;  APICEMOGI R$7.700,00 FINALIZADANANEO "
MANUTENÇÃO-2023,131,GMT-0700,PNEU,"45153 94 FRI MAR 17 2023 20:00:00 GMT-0700 (PACIFIC DAYLIGHT TIME) CA-17001 251756 1.FORNECERESUBSTITUIR02PNEUS7.50R16;
2.EXECUTARALINHAMENTODEDIREÇÃO;
3.EXECUTAR06BALANCEAMENTOSDERODAS.  APCCOMÉRCIODEPNEUS R$4.370,00 FINALIZADANANEO "
MANUTENÇÃO-2023,142,GMT-0700,PNEU,"45352 ***** SUN JUL 23 2023 20:00:00 GMT-0700 (PACIFIC DAYLIGHT TIME) CM-17102 43186 REPARONASMOLASTRASEIRAD/EESUSPENSÃOTRASEIRAD/E,COMTROCADE:PARAFUSOSEXTAVADO30X2X225MA,PARAFUSOSEXTAVADO18X90MB,PORCA18MMSEXTAVADA,BUCHAMOLATRASEIRA,GUIADEGRAMPOTRASEIRO,GRAMPO24X145X360,PORCA24MMSEXTAVADADUPLA,CONICOGRAMPO24.5MM,MOLAPNEUMÁTICA,PORCA30MMNYLON,AMORTECDORTRASEIRO  MOLASTIETÊ R$4.347,20 NÃOHOUVEO.S. "
MANUTENÇÃO-2023,151,GMT-0700,PNEU,"45141 ***** TUE MAY 09 2023 20:00:00 GMT-0700 (PACIFIC DAYLIGHT TIME) MO-17001 155425 REPAROEMPNEUFURADO  RE9DIESEL R$25,00 NÃOHOUVEO.S. "
MANUTENÇÃO-2023,159,GMT-0700,PNEU,"44767 3011 WED APR 19 2023 20:00:00 GMT-0700 (PACIFIC DAYLIGHT TIME) MOB-17102 68123 1.FORNECERESUBSTITUIROPNEUDIANTEIRODEMEDIDA100/90R19;
2.FORNECERESUBSTITUIRACÂMARADOPNEU.  RAVIMOTOS R$1.163,70 FINALIZADANANEO "
MANUTENÇÃO-2023,165,GMT-0700,PNEU,"45405 ***** THU JUL 20 2023 20:00:00 GMT-0700 (PACIFIC DAYLIGHT TIME) MOB-17102 70000 TROCADACÂMARADEARDOPNEUDIANTEIRO(PNEUFURADO)  TOTALMOTOS R$96,00 NÃOHOUVEO.S. "
MANUTENÇÃO-2023,166,MOB-17102,PNEU,"45476 498 ***** MOB-17102 ***** 1.FORNECERESUBSTITUIRPASTILHASDEFREIODIANTEIROCONFORMEESPECIFICAÇÃODOFABRICANTE;
2.FORNECERESUBSTITUIR01(UM)PNEUDIANTEIRONASDIMENSÕES130/80-17.  ***** R$- CANCELADANANEO "
MANUTENÇÃO-2023,167,MOB-17102,PNEU,"45476 500 ***** MOB-17102 ***** 1.FORNECERESUBSTITUIRPASTILHASDEFREIODIANTEIROCONFORMEESPECIFICAÇÃODOFABRICANTE;
2.FORNECERESUBSTITUIR01(UM)PNEUTRASEIRONASDIMENSÕES130/80-17.  LYLLYMOTOS R$1.349,00 CANCELADANANEO "
MANUTENÇÃO-2023,168,GMT-0800,PNEU," 951 THU DEC 07 2023 19:00:00 GMT-0800 (PACIFIC STANDARD TIME) MOB-17102 ??? 1.FORNECERESUBSTITUIRPNEUDIANTEIRONASDIMENSÕES100/90-19,MARCAPIRELLI;
2.FORNECERESUBSTITUIRCONJUNTODERELAÇÃO,COROA,PINHÃOECORRENTE.
 PREVENTIVA TOTALMOTOS R$2.349,56 FINALIZADONANEO "
MANUTENÇÃO-2023,169,GMT-0800,PNEU,"44499 2909 WED FEB 01 2023 19:00:00 GMT-0800 (PACIFIC STANDARD TIME) MOB-17104 57216 1.FORNECERESUBSTITUIROPNEUDIANTEIRODEMEDIDA100/90R19;
2.FORNECERESUBSTITUIROPNEUTRASEIRODEMEDIDA130/80R17;  LYLLYMOTOS R$1.825,00 FINALIZADANANEO "
MANUTENÇÃO-2023,186,MT-17004,PNEU,"43268 2944  MT-17004  1.FORNECERESUBSTITUIROPNEUDIANTEIRO,DEMEDIDAS90/90R21,CONFORMEESPECIFICAÇÃODOFABRICANTE;
2.FORNECERESUBSTITUIROPNEUTRASEIRO,DEMEDIDAS120/90R17,CONFORMEESPECIFICAÇÃODOFABRICANTE;
3.FORNECERESUBSTITUIROEIXODOPEDALDATROCADEMARCHAS;  LYLLYMOTOS R$1.539,00 APROVADANANEO "
MANUTENÇÃO-2023,193,GMT-0700,PNEU,"44999 ***** WED MAR 29 2023 20:00:00 GMT-0700 (PACIFIC DAYLIGHT TIME) TP-17000 155815 COMPRA,TROCAEBALANCEAMENTODOPNEUTRASEIRODIREITO(GOODYEAREAGLESPORT185/65R15);TROCADAVÁLVULADOPNEU PREVENTIVA APICEMOGI R$596,00 NÃOHOUVEO.S. "
MANUTENÇÃO-2023,194,GMT-0700,PNEU,***** ***** WED MAR 29 2023 20:00:00 GMT-0700 (PACIFIC DAYLIGHT TIME) TP-17000 155815 SUBSTITUIÇÃODOPNEUESTÉPEPELOPNEUTRASEIRODIREITO(TROCADO) PREVENTIVA APICEMOGI R$- NÃOHOUVEO.S. 
MANUTENÇÃO-2023,202,GMT-0700,PNEU,"45577 ***** TUE SEP 19 2023 20:00:00 GMT-0700 (PACIFIC DAYLIGHT TIME) TP-17000  REPAROEMSUSPENSÃO,FREIOERODÍZIODEPNEUS CORRETIVA TADACHI R$670,00 NÃOHOUVEO.S. "
MANUTENÇÃO-2023,209,GMT-0700,PNEU,"***** 87 MON JUN 19 2023 20:00:00 GMT-0700 (PACIFIC DAYLIGHT TIME) TP-17001 289300 1.FORNECERESUBSTITUIR02PNEUS195/60R15-88V;
2.EXECUTARALINHAMENTODEDIREÇÃO;
3.EXECUTAR02BALANCEAMENTOSDEPNEUS; PREVENTIVA ALBUQUERQUEPNEUS R$1.403,00 FINALIZADANANEO "
MANUTENÇÃO-2023,222,GMT-0700,PNEU,"45133 53 WED JUN 28 2023 20:00:00 GMT-0700 (PACIFIC DAYLIGHT TIME) TP-17205 200456 1.FORNECERESUBSTITUIR4PNEUS175/65R14.82T;
2.REALIZAR4BALANCEAMENTODERODAS;
3.FORNECERESUBSTITUIR2AMORTECEDORESDIANTEIROS;
4.FORNECERESUBSTITUIR2AMORTECEDORESTRASEIROS;
5.FORNECERESUBSTITUIR2KITDEAMORTECEDORDIANTEIRO(2BATENTES,2COIFAS,2COXINS,2ROLAMENTOS);
6.FORNECERESUBSTITUIR2KITDEAMORTECEDORTRASEIRO(2BATENTES,2COIFAS,2COXINS);
7.FORNECERESUBSTITUIR1BANDEJADESUSPENSÃODIANTEIRAINFERIORLADODIREITO;
8.FORNECERESUBSTITUIR1BANDEJADESUSPENSÃODIANTEIRAINFERIORLADOESQUERDO;
9.FORNECERESUBSTITUIR2BUCHASDABANDEJADIANTEIRAPARTEDIANTEIRA;
10.FORNECERESUBSTITUIR2BUCHASDABANDEJADIANTEIRAPARTETRASEIRA;
11.FORNECERESUBSTITUIR2BIELETASESTABILIZADORASDIANTEIRAS;
12.FORNECERESUBSTITUIR2PIVÔSDABANDEJADIANTEIRA;
13.FORNECERESUBSTITUIR1TERMINALDEDIREÇÃOLADOESQUERDO;
14.FORNECERESUBSTITUIR1TERMINALDEDIREÇÃOLADODIREITO;
15.REALIZAR1ALINHAMENTODEDIREÇÃO. PREVENTIVA BHBCOMÉRCIOESERVIÇO R$7.020,33 FINALIZADANANEO "
MANUTENÇÃO-2023,239,GMT-0700,EMBREAGEM,"45331 221 MON JUL 10 2023 20:00:00 GMT-0700 (PACIFIC DAYLIGHT TIME) UR-17208 98889 1.FORNECERESUBSTITUIRPLATÔDEEMBREAGEMCONFORMEESPECIFICAÇÃODOFABRICANTE;
2.FORNECERESUBSTITUIRDISCODEEMBREAGEMCONFORMEESPECIFICAÇÃODOFABRICANTE;
3.FORNECERESUBSTITUIRVOLANTEDEEMBREAGEMCONFORMEESPECIFICAÇÃODOFABRICANTE;
4.FORNECERESUBSTITUIRROLAMENTODEEMBREAGEMCONFORMEESPECIFICAÇÃODOFABRICANTE. PREVENTIVA 4TEMPOS(DANIEL-ITAQUÁ) R$5.809,00 FINALIZADANANEO "
MANUTENÇÃO-2023,244,GMT-0700,PNEU,"***** 248 THU JUL 13 2023 20:00:00 GMT-0700 (PACIFIC DAYLIGHT TIME) UR-17210 30492 1.FORNECERESUBSTITUIR02PNEUS225/75R16C;
2.EXECUTAR02BALANCEAMENTOSEMPNEUS;
3.EXECUTARALINHAMENTOTÉCNICODEDIREÇÃO,CONFORMEESPECIFICAÇÃODOFABRICANTE. PREVENTIVA ALBUQUERQUEPNEUS R$2.787,00 FINALIZADANANEO "
MANUTENÇÃO-2023,247,UR-17210,EMBREAGEM," 1040 ***** UR-17210 ***** 1.	FORNECERESUBSTITUIRPLATÔDEEMBREAGEMCONFORMEESPECIFICAÇÃODOFABRICANTE;
2.	FORNECERESUBSTITUIRDISCODEEMBREAGEMCONFORMEESPECIFICAÇÃODOFABRICANTE;
3.	FORNECERESUBSTITUIRVOLANTEDEEMBREAGEMCONFORMEESPECIFICAÇÃODOFABRICANTE;
4.	FORNECERESUBSTITUIRROLAMENTODEEMBREAGEMCONFORMEESPECIFICAÇÃODOFABRICANTE.  ***** R$- CANCELADONANEO "
MANUTENÇÃO-2023,248,UR-17210,EMBREAGEM," 1049  UR-17210 36295 1.FORNECERESUBSTITUIRPLATÔDEEMBREAGEMCONFORMEESPECIFICAÇÃODOFABRICANTE;
2.FORNECERESUBSTITUIRDISCODEEMBREAGEMCONFORMEESPECIFICAÇÃODOFABRICANTE;
3.FORNECERESUBSTITUIRVOLANTEDEEMBREAGEMCONFORMEESPECIFICAÇÃODOFABRICANTE;
4.FORNECERESUBSTITUIRROLAMENTODEEMBREAGEMCONFORMEESPECIFICAÇÃODOFABRICANTE.
5.FORNECERGUINCHOPARARETIRARAVIATURA. CORRETIVA CURIÓ R$8.093,80 FINALIZADONANEO "
MANUTENÇÃO-2023,250,GMT-0700,PNEU,"***** 249 THU JUL 13 2023 20:00:00 GMT-0700 (PACIFIC DAYLIGHT TIME) UR-17211 30223 1.FORNECERESUBSTITUIR02PNEUS225/75R16C;
2.EXECUTAR02BALANCEAMENTOSEMPNEUS.  ALBUQUERQUEPNEUS R$2.662,00 FINALIZADANANEO "
MANUTENÇÃO-2023,253,GMT-0700,PNEU,"***** 250 THU JUL 13 2023 20:00:00 GMT-0700 (PACIFIC DAYLIGHT TIME) UR-17212 40630 1.FORNECERESUBSTITUIR02PNEUS225/75R16C;
2.EXECUTAR02BALANCEAMENTOSEMPNEUS. PREVENTIVA ALBUQUERQUEPNEUS R$2.662,00 FINALIZADANANEO "
MANUTENÇÃO-2023,255,GMT-0700,EMBREAGEM,"***** 342 WED AUG 09 2023 20:00:00 GMT-0700 (PACIFIC DAYLIGHT TIME) UR-17213 21647 1.FORNECERESUBSTITUIRPLATÔDEEMBREAGEMCONFORMEESPECIFICAÇÃODOFABRICANTE;
2.FORNECERESUBSTITUIRDISCODEEMBREAGEMCONFORMEESPECIFICAÇÃODOFABRICANTE;
3.FORNECERESUBSTITUIRVOLANTEDEEMBREAGEMCONFORMEESPECIFICAÇÃODOFABRICANTE;
4.FORNECERESUBSTITUIRROLAMENTODEEMBREAGEMCONFORMEESPECIFICAÇÃODOFABRICANTE. PREVENTIVA BFDIESEL R$7.500,00 FINALIZADANANEO "
MANUTENÇÃO-2023,261,UT-17001,PNEU," 1002 ??? UT-17001 ??? 1.FORNECERESUBSTITUIR02PNEUS,DIANTEIROS,MEDIDAS175/70R14DEPRIMEIRALINHA,MARCAGOODYEAR,EBICOS;
2.FORNECERESUBSTITUIR01BATERIAMARCAMOURA60AH;
3.FORNECERESUBSTITUIRPASTILHASDEFREIOSDIANTEIRACONFORMEESPECIFICAÇÃODOFABRICANTE;
4.FORNECERESUBSTITUIRLONASDEFREIOSTRASEIROCONFORMEESPECIFICAÇÃODOFABRICANTE,EVERIFICARFREIOESTACIONÁRIO;
5.FORNECERESUBSTITUIRFLUÍDODEFREIOCONFORMEESPECIFICAÇÃODOFABRICANTE;
6.FORNECERESUBSTITUIRPARDEPALHETASDOLIMPADORDEPARA-BRISACONFORMEESPECIFICAÇÃODOFABRICANTE.
7.FORNECEREEXECUTARALINHAMENTO,BALANCEAMENTO. CORRETIVA BHBCOMÉRCIOESERVIÇO R$3.242,99 CANCELADONANEO "
MANUTENÇÃO-2023,276,GMT-0700,PNEU,"44697 3033 SUN MAR 12 2023 20:00:00 GMT-0700 (PACIFIC DAYLIGHT TIME) VO-17003 256337 1.FORNECERESUBSTITUIR02(DOIS)PNEUSDEMEDIDA235/75R15,NOVO(PRIMEIRAVIDA),COMCERTIFICAÇÃOCOMPULSÓRIAINMETRO.ATENDENDOANORMAABNTNBR15296/2005;
2.REALIZARALINHAMENTODIREÇÃO;
3.REALIZAROBALANCEAMENTODE04(QUATRO)PNEUS;
4.FORNECERESUBSTITUIR02(DOIS)BICOS,REFERENTESAOSPNEUSSUBSTITUÍDOS. PREVENTIVA DELLAVIAPNEUS R$1.918,36 FINALIZADANANEO "
MANUTENÇÃO-2023,280,GMT-0700,EMBREAGEM,"45434 ***** THU SEP 28 2023 20:00:00 GMT-0700 (PACIFIC DAYLIGHT TIME) VO-17003 264623 TROCADOKITEMBREAGEM,ATUADORDOPEDAL,ATUADORDOCÂMBIO,RETÍFICADOVOLANTEETROCADOFLUÍDOHIDRÁULICO PREVENTIVA MM R$2.735,00 NÃOHOUVEO.S. "
MANUTENÇÃO-2023,284,GMT-0800,PNEU,"44628 ***** SUN JAN 08 2023 19:00:00 GMT-0800 (PACIFIC STANDARD TIME) VO-17008 204505 TROCADOVOLANTEDOMOTOR;E?????????????.OBS.:VTRDEIXADANAOFICINAMACCAR,PORÉMOSERVIÇOFOIEXECUTADOPELAÁPICEPNEUSMOGIDEVIDOOMESMOESTARNAGARANTIA.TODASASDESPESASGERADASFORAMCUSTEADASPELAOFINAÁPICEPNEUS. CORRETIVA APICEMOGI R$- NÃOHOUVEO.S. "
MANUTENÇÃO-2023,289,GMT-0700,EMBREAGEM,"45298 251 TUE JUL 11 2023 20:00:00 GMT-0700 (PACIFIC DAYLIGHT TIME) VO-17008 205249 1.FORNECERCILINDROMESTREDEEMBREAGEM,CONFORMEESPECIFICAÇÃODOFABRICANTE;
2.FORNECERATUADORDEEMBREAGEM,CONFORMEESPECIFICAÇÃODOFABRICANTE; PREVENTIVA BFDIESEL R$2.142,00 FINALIZADANANEO "
MANUTENÇÃO-2023,292,GMT-0700,PNEU,"45507 ***** SUN AUG 27 2023 20:00:00 GMT-0700 (PACIFIC DAYLIGHT TIME) VO-17008 205921 CONSERTOEMPNEU(PNEUTRASEIROESQUERDOFURADO) CORRETIVA RE9DIESEL R$30,00 NÃOHOUVEO.S. "
MANUTENÇÃO-2023,301,GMT-0700,PNEU,"45460 ***** THU AUG 10 2023 20:00:00 GMT-0700 (PACIFIC DAYLIGHT TIME) VO-17103 88551 MONTAGEMEBALANCEAMENTODOS04PNEUSEESTÉPE;TROCADAS04VÁLVULASDEPNEU;01ALINHAMENTODEDIREÇÃO(OBS.:PNEUSFORNECIDOSPELAMOTOMEC) PREVENTIVA IKEDA R$220,00 NÃOHOUVEO.S. "
MANUTENÇÃO-2023,307,VO-17103,PNEU," 914 ***** VO-17103 ***** REALIZARDIAGNÓSTICOSEPROVIDENCIAROSREPAROS,PARAOSSEGUINTESPROBLEMASAPRESENTADOS:
-LUZDEADVERTÊNCIACONSTANTEMENTEACESANOPAINELREFERENTEAOCONTROLEDETRAÇÃONÃOSENDOPOSSÍVELDESLIGA-LA(BOTÃODEACIONAMENTOINOPERANTE);
-LUZDEADVERTÊNCIACONSTANTEMENTEACESANOPAINELREFERENTEACALIBRAGEMDOSPNEUS;
-LUZDEADVERTÊNCIAOCASIONALMENTEACESANOPAINELREFERENTEAOAIRBAG;
-DIREÇÃODAVIATURAOCASIONALMENTETRAVAEMMOVIMENTO.
OBS:VERIFICARFUNCIONAMENTODOS""MÓDULOS"".  ***** R$- CANCELADONANEO "
MANUTENÇÃO-2023,310,VO-17205,PNEU," 1123  VO-17205  1.	FORNECERESUBSTITUIR,02(DOIS)PNEUSMARCAPIRELLIMODELOSCORPIONATR,205/60R15;
7.	FORNECEREEXECUTAR,ALINHAMENTOEBALANCEAMENTO. PREVENTIVA   PENDENTENANEO "
CONTROLE MAN. 2022,2,GMT-0800,PNEU,"***** ***** 2398 SUN FEB 20 2022 19:00:00 GMT-0800 (PACIFIC STANDARD TIME) TP-17004 128354 FORNECERESUBSTITUIROÓLEODOMOTOR;
FORNECERESUBSTITUIROFILTRODEÓLEODOMOTOR;
FORNECERESUBSTITUIROFILTRODECOMBUSTÍVEL;
FORNECERESUBSTITUIROFILTRODEARDOMOTOR;
FORNECERESUBSTITUIROFILTRODEARDACABINE(ARCONDICIONADO).FORNECERESUBSTITUIROKITDACORREIADENTADACOMTENSOR;
FORNECERESUBSTITUIR04(QUATRO)PNEUSDEMEDIDA185/65R15;
REALIZARALINHAMENTODEDIREÇÃOEBALANCEAMENTODOS4PNEUS.
REALIZARLAVAGEMCOMPLETAEHIGIENIZAÇÃO. R9AUTOPECASESERVICOS R$4.372,16 FINALIZADANANEO  "
CONTROLE MAN. 2022,22,GMT-0800,EMBREAGEM,"***** ***** ***** MON JAN 10 2022 19:00:00 GMT-0800 (PACIFIC STANDARD TIME) CA-17001 247414 TROCADOCILINDROAUXILIARDEEMBREAGEM;TROCADOCILINDROMESTREDEEMBREAGEM;TROCADOFLUIDODEFREIO(DOT4);TROCADOCABODOACELERADOR;TROCADOFLEXIVELDAEMBREAGEM;EREGULAGEMDAEMBREAGEM. BFDIESEL R$885,00 NÃOHOUVEO.S.GEFROE  "
CONTROLE MAN. 2022,33,GMT-0800,PNEU,"***** ***** ***** TUE JAN 18 2022 19:00:00 GMT-0800 (PACIFIC STANDARD TIME) CM-17102 33662 MONTAGEMETROCADE01PNEU(PNEUEXTERNOLDDOEIXODIANTEIRODACARRETA) RE9DIESEL R$60,00 NÃOHOUVEO.S.GEFROE  "
CONTROLE MAN. 2022,39,RE-17102,PNEU,"***** ***** 2499 ***** RE-17102 ***** 1.FORNECERESUBSTITUIR08(OITO)PNEUSPARACAMINHÃO,DESTINADOSAOREBOQUE,DIMENSÕES295/80R22,5,CONSTRUÇÃORADIAL,ARO22,5,IC152/148,COD.VEL.“M”,NOVO(PRIMEIRAVIDA),COMCERTIFICAÇÃOCOMPULSÓRIAINMETRO.ATENDENDOANORMAABNTNBR15296/2005;
2.EFETUAROBALANCEAMENTOECALIBRAGEMDOSREFERIDOSPNEUS,CONFORMEESPECIFICAÇÕESDOFABRICANTE. ***** R$- CANCELADANANEO  "
CONTROLE MAN. 2022,41,AB-17201,EMBREAGEM,"***** ***** 2507 ***** AB-17201 ***** 1.FORNECERESUBSTITUIROKITDEEMBREAGEM;
2.RECONDICIONAROCÂMBIO;
3.EXECUTARAMONTAGEMDOCÂMBIO,DEIXANDOEMPLENASCONDIÇÕESDEUSO. ***** R$- CANCELADANANEO  "
CONTROLE MAN. 2022,49,GMT-0800,PNEU,"***** ***** ***** MON FEB 07 2022 19:00:00 GMT-0800 (PACIFIC STANDARD TIME) AS-17101 271096 CONSERTOPNEUTRAS.DIR.EXTERNO RE9DIESEL R$30,00 NÃOHOUVEO.S.GEFROE  "
CONTROLE MAN. 2022,60,GMT-0700,EMBREAGEM,"***** ***** 2533 THU MAR 17 2022 20:00:00 GMT-0700 (PACIFIC DAYLIGHT TIME) MOB-17102 62382 1.FORNECERESUBSTITUIRÓLEODEMOTOR,CONFORMEESPECIFICAÇÕESDOFABRICANTE;
2.FORNECERESUBSTITUIROFILTRODEÓLEODOMOTOR,CONFORMEESPECIFICAÇÕESDOFABRICANTE;
3.FORNECERESUBSTITUIROFILTRODEAR,CONFORMEESPECIFICAÇÕESDOFABRICANTE;
4.FORNECERESUBSTITUIROSDISCOSDEEMBREAGEM,CONFORMEESPECIFICAÇÕESDOFABRICANTE;
5.FORNECERESUBSTITUIROCUBODEEMBREAGEM,CONFORMEESPECIFICAÇÕESDOFABRICANTE;
6.FORNECERESUBSTITUIROSSEPARADORESDOSDISCOSDEEMBREAGEM,CONFORMEESPECIFICAÇÕESDOFABRICANTE;
7.FORNECERESUBSTITUIROPLATÔDEEMBREAGEM,CONFORMEESPECIFICAÇÕESDOFABRICANTE;
8.FORNECERESUBSTITUIROCABODEEMBREAGEM,CONFORMEESPECIFICAÇÕESDOFABRICANTE. RAVIMOTOS R$4.181,46 FINALIZADANANEO  "
CONTROLE MAN. 2022,65,GMT-0800,PNEU,"***** ***** ***** THU FEB 24 2022 19:00:00 GMT-0800 (PACIFIC STANDARD TIME) AB-17102 69050 MONTAGEMDE01PNEU(DIANTEIRODIREITO) RE9DIESEL R$30,00 NÃOHOUVEO.S.GEFROE  "
CONTROLE MAN. 2022,80,GMT-0700,PNEU,"***** ***** 2556 SUN APR 03 2022 20:00:00 GMT-0700 (PACIFIC DAYLIGHT TIME) UT-17001 86319 1.FORNECERESUBSTITUIR04(QUATRO)PNEUSCOMASSEGUINTESCARACTERÍSTICAS:
-MEDIDAS:175/70R14;
-ÍNDICEDECARGA:84;
-ÍNDICEDEVELOCIDADE:T;
2.REALIZAROBALANCEAMENTODAS04(QUATRO)RODAS;
3.REALIZAROALINHAMENTODEDIREÇÃO. APICEMOGI R$2.600,00 FINALIZADANANEO  "
CONTROLE MAN. 2022,82,GMT-0700,EMBREAGEM,"***** ***** 2559 MON APR 04 2022 20:00:00 GMT-0700 (PACIFIC DAYLIGHT TIME) VO-17008 199275 1.FORNECERESUBSTITUIROCONJUNTODECILINDROSDAEMBREAGEM;
2.FORNECERESUBSTITUIROBRAÇOPITMAN;
3.REALIZAROALINHAMENTODEDIREÇÃO. APICEMOGI R$2.235,00 FINALIZADANANEO  "
CONTROLE MAN. 2022,84,GMT-0700,PNEU,***** ***** ***** TUE MAR 15 2022 20:00:00 GMT-0700 (PACIFIC DAYLIGHT TIME) AS-17101 272203 RETIRADA04PNEUSTRASEIROS(OBS.:PNEUSFORNECIDOSPELOCSM) CSM/MOPB R$- NÃOHOUVEO.S.GEFROE  
CONTROLE MAN. 2022,88,GMT-0700,EMBREAGEM,***** ***** ***** SUN MAR 20 2022 20:00:00 GMT-0700 (PACIFIC DAYLIGHT TIME) CA-17001 247786 TROCADOCILINDRODEEMBREAGEM(GARANTIA) BFDIESEL R$- NÃOHOUVEO.S.GEFROE  
CONTROLE MAN. 2022,92,GMT-0700,PNEU,"***** ***** ***** THU MAR 24 2022 20:00:00 GMT-0700 (PACIFIC DAYLIGHT TIME) AS-17101 272203 COMPRADOS2PNEUSDIANTEIROS DELLAVIAPNEUS R$1.540,00 NÃOHOUVEO.S.GEFROE  "
CONTROLE MAN. 2022,93,GMT-0700,PNEU,"40678 ***** ***** THU MAR 24 2022 20:00:00 GMT-0700 (PACIFIC DAYLIGHT TIME) AS-17101 272203 TROCADOS6PNEUS(OBS.:APENASMONTAGEM.PNEUSDIANTEIROSCOMPRADOSNADELLAVIAPNEUSMOGI.PNEUSTRASEIROSFORNECIDOSPELOCSM) RE9DIESEL R$150,00 NÃOHOUVEO.S.GEFROE  "
CONTROLE MAN. 2022,95,GMT-0700,PNEU,"***** ***** ***** TUE MAR 22 2022 20:00:00 GMT-0700 (PACIFIC DAYLIGHT TIME) MOB-17105 39977 TROCADACÂMARADEARDOPNEUTRASEIRO ROTA1 R$172,00 NÃOHOUVEO.S.GEFROE  "
CONTROLE MAN. 2022,103,GMT-0700,PNEU,"***** ***** 2593 WED APR 27 2022 20:00:00 GMT-0700 (PACIFIC DAYLIGHT TIME) AS-17201 ??? 1.FORNECERESUBSTITUIR02(DOIS)PNEUSDIANTEIROSDEMEDIDA7.50R16,COMÍNDICEDECARGAEVELOCIDADE:122/120L.
2.REALIZAROBALANCEAMENTODOSPNEUS;
3.REALIZARALINHAMENTODEDIREÇÃO. COSMORAMA R$3.196,00 FINALIZADANANEO  "
CONTROLE MAN. 2022,106,GMT-0700,EMBREAGEM,***** ***** ***** TUE APR 05 2022 20:00:00 GMT-0700 (PACIFIC DAYLIGHT TIME) CA-17001 247790 REPARONAEMBREAGEM(GARANTIA) BFDIESEL R$- NÃOHOUVEO.S.GEFROE  
CONTROLE MAN. 2022,117,GMT-0700,PNEU,"40685 ***** ***** SUN APR 17 2022 20:00:00 GMT-0700 (PACIFIC DAYLIGHT TIME) VO-17102 35500 SERVIÇODEINSTALAÇÃODE04PNEUS RE9DIESEL R$80,00 NÃOHOUVEO.S.GEFROE  "
CONTROLE MAN. 2022,119,GMT-0700,EMBREAGEM,"40627 ***** ***** MON APR 18 2022 20:00:00 GMT-0700 (PACIFIC DAYLIGHT TIME) MOB-17105 40797 TROCADOCABODEEMBREAGEMEROLAMENTODACAIXADEDIREÇÃO RAVIMOTOS R$700,00 NÃOHOUVEO.S.GEFROE  "
CONTROLE MAN. 2022,120,GMT-0700,EMBREAGEM,"40675 ***** ***** TUE APR 26 2022 20:00:00 GMT-0700 (PACIFIC DAYLIGHT TIME) MOB-17101 58950 TROCADOCABODEEMBREAGEMEROLAMENTODACAIXADEDIREÇÃO RAVIMOTOS R$700,00 NÃOHOUVEO.S.GEFROE  "
CONTROLE MAN. 2022,129,GMT-0700,PNEU,"40673 ***** ***** TUE APR 26 2022 20:00:00 GMT-0700 (PACIFIC DAYLIGHT TIME) MT-17004 62259 TROCADOPNEUTRASEIRO(OBS.:APENASM.O.=>PNEUFORNECIDOPELOCSM) TOTALMOTOS R$45,00 NÃOHOUVEO.S.GEFROE  "
CONTROLE MAN. 2022,131,GMT-0700,PNEU,"40672 ***** ***** THU APR 28 2022 20:00:00 GMT-0700 (PACIFIC DAYLIGHT TIME) CA-17001 247981 CONSERTODEPNEUDIANTEIROLDPASSAGEIRO RE9DIESEL R$30,00 NÃOHOUVEO.S.GEFROE  "
CONTROLE MAN. 2022,132,GMT-0700,PNEU,"40665 ***** ***** SUN MAY 01 2022 20:00:00 GMT-0700 (PACIFIC DAYLIGHT TIME) TP-17004 131398 RETÍFICADECABEÇOTE;TROCADACOIFADAHOMOCINÉTICA(LADODOCÂMBIO);TROCADABOBINADEIGNIÇÃO. MULTIPNEUS R$2.653,00 NÃOHOUVEO.S.GEFROE  "
CONTROLE MAN. 2022,134,GMT-0700,PNEU,"***** ***** 2625 MON MAY 30 2022 20:00:00 GMT-0700 (PACIFIC DAYLIGHT TIME) RE-17102 ***** 1.FORNECERESUBSTITUIR04(QUATRO)PNEUSPARACAMINHÃO,DESTINADOSAOREBOQUE,DIMENSÕES295/80R22,5,CONSTRUÇÃORADIAL,ARO22,5,IC152/148,COD.VEL.“M”,NOVO(PRIMEIRAVIDA),COMCERTIFICAÇÃOCOMPULSÓRIAINMETRO.ATENDENDOANORMAABNTNBR15296/2005;
2.EFETUARAMONTAGEM,BALANCEAMENTOECALIBRAGEMDE08(OITO)PNEUS,CONFORMEESPECIFICAÇÕESDOFABRICANTE. APICEMOGI R$13.000,00 FINALIZADANANEO  "
CONTROLE MAN. 2022,135,AS-17201,PNEU,"***** ***** 2626 ??? AS-17201 ??? FORNECERESUBSTITUIR02(DUAS)CÂMARASDEARPARAPNEU7.50R16. COSMORAMA R$290,00 FINALIZADANANEO  "
CONTROLE MAN. 2022,167,GMT-0700,PNEU,"41782 ***** ***** SUN MAY 29 2022 20:00:00 GMT-0700 (PACIFIC DAYLIGHT TIME) AS-17101 274070 TROCADOS02PNEUSDIANTEIROS SHIMIZU R$1.970,00 NÃOHOUVEO.S.GEFROE  "
CONTROLE MAN. 2022,168,GMT-0700,PNEU,"41767 ***** ***** THU MAY 26 2022 20:00:00 GMT-0700 (PACIFIC DAYLIGHT TIME) MOB-17102 64823 TROCADACÂMARADEARDOPNEUTRASEIRO TOTALMOTOS R$110,00 NÃOHOUVEO.S.GEFROE  "
CONTROLE MAN. 2022,171,GMT-0700,PNEU,"41800 ***** ***** TUE MAY 31 2022 20:00:00 GMT-0700 (PACIFIC DAYLIGHT TIME) TP-17004 132720 TROCADOSKITDOSAMORTECEDORESDIANTEIRO;REGULAGEMDEFREIO;ALINHAMENTODEDIREÇÃO MULTIPNEUS R$512,00 NÃOHOUVEO.S.GEFROE  "
CONTROLE MAN. 2022,173,GMT-0700,PNEU,"41782 ***** ***** THU JUN 02 2022 20:00:00 GMT-0700 (PACIFIC DAYLIGHT TIME) AS-17101 274082 ALINHAMENTO,BALANCEAMENTOETROCADEBICO MVPNEUS R$310,00 NÃOHOUVEO.S.GEFROE  "
CONTROLE MAN. 2022,179,GMT-0700,PNEU,"***** ***** 2652 SUN JUL 10 2022 20:00:00 GMT-0700 (PACIFIC DAYLIGHT TIME) ABS-17203 ????? 1.FORNECERESUBSTITUIR02(DOIS)PNEUSPARACAMINHÃO,DIANTEIROS,DIMENSÕES275/80R22,5,CONSTRUÇÃORADIAL,ARO22,5,IC152/148,COD.VEL.“M”,NOVO(PRIMEIRAVIDA),COMCERTIFICAÇÃOCOMPULSÓRIAINMETRO.ATENDENDOANORMAABNTNBR15296/2005;
2.EFETUARAMONTAGEM,BALANCEAMENTOECALIBRAGEMDE06(OITO)PNEUS,CONFORMEESPECIFICAÇÕESDOFABRICANTE;
3.EFETUARALINHAMENTODEDIREÇÃO;
4.FORNECERESUBSTITUIRASPALHETASDOSLIMPADORESDOPARA-BRISAS. APICEMOGI R$7.320,00 FINALIZADANANEO  "
CONTROLE MAN. 2022,194,GMT-0700,PNEU,***** ***** ***** WED JUN 08 2022 20:00:00 GMT-0700 (PACIFIC DAYLIGHT TIME) TP-17000 239510 REPAROEMPNEU(QSACBPMADRIANO) ***** R$- NÃOHOUVEO.S.GEFROE  
CONTROLE MAN. 2022,204,GMT-0700,PNEU,41842 ***** ***** SUN JUN 12 2022 20:00:00 GMT-0700 (PACIFIC DAYLIGHT TIME) MO-17001 147288 REPAROEMPNEU RE9DIESEL R$- NÃOHOUVEO.S.GEFROE  
CONTROLE MAN. 2022,215,GMT-0700,PNEU,"***** ***** 2685 MON JUL 18 2022 20:00:00 GMT-0700 (PACIFIC DAYLIGHT TIME) AC-17002 144492 04PNEUS265/70R16(GOODYEAR);04BICOSPARAPNEU;ALINHAMENTO;BALANCEAMENTO APICEMOGI R$5.621,00 FINALIZADANANEO  "
CONTROLE MAN. 2022,237,GMT-0700,PNEU,"41943 ***** ***** WED JUL 13 2022 20:00:00 GMT-0700 (PACIFIC DAYLIGHT TIME) MOB-17105 43640 TROCADOPNEUTRASEIRO;TROCADOOLEOERETENTORDABENGALA;TROCADOPARALAMADIANTEIRO;TROCADALAMPADADALANTERNATRASEIRA RAVIMOTOS R$897,00 NÃOHOUVEO.S.GEFROE  "
CONTROLE MAN. 2022,244,AB-17102,PNEU,"***** ***** 2714 ***** AB-17102 ***** 1.FORNECERESUBSTITUIR02(DOIS)PNEUSDEMEDIDAS315/80R22.5TRAÇÃO(BORRACHUDO)18LONAS156/150MCONSTRUÇÃORADIAL;
2.FORNECERESUBSTITUIR02(DOIS)315/80R22.5DIRECIONAL(LISO)154/150MCONSTRUÇÃORADIAL;
3.FORNECERESUBSTITUIR06(SEIS)BICOS;
4.REALIZAROBALANCEAMENTODOSPNEUS. ***** R$- CANCELADANANEO  "
CONTROLE MAN. 2022,249,GMT-0700,EMBREAGEM,42008 ***** ***** THU JUL 21 2022 20:00:00 GMT-0700 (PACIFIC DAYLIGHT TIME) CA-17001 248697 TROCADOCILINDRODAEMBREAGEM(GARANTIA) BFDIESEL R$- NÃOHOUVEO.S.GEFROE  
CONTROLE MAN. 2022,251,GMT-0700,PNEU,"41999 ***** ***** SUN JUL 24 2022 20:00:00 GMT-0700 (PACIFIC DAYLIGHT TIME) AS-17101 275692 ALINHAMENTODEDIREÇÃO MVPNEUS R$250,00 NÃOHOUVEO.S.GEFROE  "
CONTROLE MAN. 2022,256,GMT-0700,EMBREAGEM,42003 ***** ***** TUE JUL 19 2022 20:00:00 GMT-0700 (PACIFIC DAYLIGHT TIME) ASE-17101 150626 COMPLETADOOÓLEODAEMBREAGEM MOTOMEC R$- NÃOHOUVEO.S.GEFROE  
CONTROLE MAN. 2022,268,GMT-0700,PNEU,42054 ***** ***** SUN JUL 31 2022 20:00:00 GMT-0700 (PACIFIC DAYLIGHT TIME) ABS-17102 150939 TROCADOSPNEUSDIANTEIROS RE9DIESEL  NÃOHOUVEO.S.GEFROE  
CONTROLE MAN. 2022,271,GMT-0700,PNEU,41933 ***** ***** SUN JUL 31 2022 20:00:00 GMT-0700 (PACIFIC DAYLIGHT TIME) AB-17102 73329 TROCADOS04PNEUSTRASEIROS(OBS.:PNEUSFORNECIDOSPELOCSM) RE9DIESEL  NÃOHOUVEO.S.GEFROE  
CONTROLE MAN. 2022,278,ABS-17103,PNEU,"42044 ***** 2726 ***** ABS-17103 ***** 1.FORNECERESUBSTITUIR04(QUATRO)PNEUSPARACAMINHÃO,TRASEIROS,DETRAÇÃO(BORRACHUDO),DIMENSÕES275/80R22,5,CONSTRUÇÃORADIAL,ARO22,5,IC152/148,COD.VEL.“M”,NOVO(PRIMEIRAVIDA),COMCERTIFICAÇÃOCOMPULSÓRIAINMETRO.ATENDENDOANORMAABNTNBR15296/2005;
2.EFETUARAMONTAGEMECALIBRAGEMDE06(SEIS)PNEUS;
3.EFETUAROBALANCEAMENTO02(DOIS)PNEUS;
4.EFETUARALINHAMENTODEDIREÇÃO; ***** R$- CANCELADANANEO  "
CONTROLE MAN. 2022,280,GMT-0700,PNEU,"42069 ***** 2728 SUN AUG 28 2022 20:00:00 GMT-0700 (PACIFIC DAYLIGHT TIME) ABS-17102 151126 1.FORNECERESUBSTITUIR02(DOIS)AMORTECEDORESDIANTEIROS;
2.FORNECERESUBSTITUIR01(UMA)BARRACURTADEDIREÇÃO;
3.FORNECERESUBSTITUIR02(DOIS)TERMINAISDABARRALONGA;
4.FORNECERESUBSTITUIR02(DUAS)BIELETAS;
5.REPARARA01(UMA)MANGADEEIXO;
6.REALIZAROALINHAMENTODEDIREÇÃO(OBS.:SERVIÇOTERCEIRIZADOPELABFDIESEL:ALINHAMENTOREALIZADOPELABUDINI-APOLOTECH);
7.REALIZARBALANCEAMENTODEDOISPNEUS. BFDIESEL R$5.315,00 FINALIZADANANEO  "
CONTROLE MAN. 2022,285,GMT-0700,PNEU,"41954 ***** ***** FRI JUL 08 2022 20:00:00 GMT-0700 (PACIFIC DAYLIGHT TIME) MOB-17102 65819 TROCADACÂMARADEARDOPNEUTRASEIRO TOTALMOTOS R$90,00 NÃOHOUVEO.S.GEFROE  "
CONTROLE MAN. 2022,293,GMT-0700,PNEU,"***** ***** 2736 WED AUG 24 2022 20:00:00 GMT-0700 (PACIFIC DAYLIGHT TIME) UR-17208 93153 1.FORNECERESUBSTITUIR04(QUATRO)PNEUSDEMEDIDA225/65R16112T,NOVO(PRIMEIRAVIDA),COMCERTIFICAÇÃOCOMPULSÓRIAINMETRO.ATENDENDOANORMAABNTNBR15296/2005;
2.REALIZARALINHAMENTODIREÇÃO;
3.REALIZAROBALANCEAMENTODE04(QUATRO)PNEUS. ALBUQUERQUEPNEUS R$5.556,00 FINALIZADANANEO  "
CONTROLE MAN. 2022,296,AS-17101,PNEU,"***** ***** 2739 ***** AS-17101 ***** 1.FORNECERESUBSTITUIR04(QUATRO)PNEUSDEMEDIDA7.50R16122/118G,DETRAÇÃO(BORRACHUDO),NOVO(PRIMEIRAVIDA),COMCERTIFICAÇÃOCOMPULSÓRIAINMETRO.ATENDENDOANORMAABNTNBR15296/2005;
2.REALIZAROBALANCEAMENTODE04(QUATRO)PNEUS.
3.FORNECERESUBSTITUIR04(QUATRO)BICOSDOSPNEUSSUBSTITUÍDOS. ***** R$- CANCELADANANEO  "
CONTROLE MAN. 2022,301,GMT-0700,PNEU,***** ***** ***** SUN AUG 14 2022 20:00:00 GMT-0700 (PACIFIC DAYLIGHT TIME) TP-17004 247217 REPARONOPNEUTRAS.D(FURADO) RE9DIESEL R$- NÃOHOUVEO.S.GEFROE  
CONTROLE MAN. 2022,319,GMT-0700,PNEU,"***** ***** 2759 TUE OCT 04 2022 20:00:00 GMT-0700 (PACIFIC DAYLIGHT TIME) TP-17004 248367 TROCADE02PNEUS(195/65R15);ALINHAMENTO3D;BALANCEAMENTO;TROCADE02BICOSVALVULAPNEUSEMCAMARA DOMAUTOCENTER R$1.260,00 FINALIZADANANEO  "
CONTROLE MAN. 2022,330,GMT-0700,PNEU,"42161 ***** ***** WED SEP 07 2022 20:00:00 GMT-0700 (PACIFIC DAYLIGHT TIME) AS-17101 277450 TROCADOS2PENUSDIANTEIROS(7.50-16CTT116/114L10A.AT52)EDOS4PNEUSTRASEIROS(7.50-16CTT116/114L10A.AT59) CAMPNEUS R$5.100,00 NÃOHOUVEO.S.GEFROE  "
CONTROLE MAN. 2022,336,GMT-0700,PNEU EMBREAGEM,"***** ***** 2779 SUN SEP 25 2022 20:00:00 GMT-0700 (PACIFIC DAYLIGHT TIME) AB-17201 ***** 1.FORNECERESUBSTITUIROJOGODELONASDEFREIOTRASEIROEDIANTEIRO;
2.FORNECERESUBSTITUIROSARREBITESDOJOGODELONAS;
3.RECONDICIONAROSERVODAEMBREAGEM;
4.AJUSTARAREGULAGEMDOSFREIOS;
5.REALIZARALIMPEZADOCONJUNTODEFRENAGEM;
6.REALIZARREPAROEMVAZAMENTODEMANGUEIRADOSISTEMAPNEUMÁTICODOFREIO; ***** R$- CANCELADANANEO  "
CONTROLE MAN. 2022,349,GMT-0800,PNEU,"42104 ***** 2791 THU NOV 10 2022 19:00:00 GMT-0800 (PACIFIC STANDARD TIME) MOB-17101 62400 FORNECERESUBSTITUIROPNEUDIANTEIRODEMEDIDA100/90R19;
FORNECERESUBSTITUIROPNEUTRASEIRODEMEDIDA130/80R17;
REALIZARREGULAGEMDOSRAIOS. LYLLYMOTOS R$1.810,00 FINALIZADANANEO  "
CONTROLE MAN. 2022,350,GMT-0800,PNEU,"42105 ***** 2792 MON NOV 07 2022 19:00:00 GMT-0800 (PACIFIC STANDARD TIME) MOB-17105 46320 FORNECERESUBSTITUIROPNEUDIANTEIRODEMEDIDA100/90R19;FORNECERESUBSTITUIROPNEUTRASEIRODEMEDIDA130/80R17;
REGULAGEMDOSRAIOS. LYLLYMOTOS R$1.890,00 FINALIZADANANEO  "
CONTROLE MAN. 2022,353,GMT-0800,PNEU,"43269 ***** 2801 SUN NOV 06 2022 19:00:00 GMT-0800 (PACIFIC STANDARD TIME) MO-17001 150944 REALIZAROBALANCEAMENTODE04(QUATRO)PNEUS;
REALIZARALINHAMENTODEDIREÇÃO. APICEMOGI R$350,00 FINALIZADANANEO  "
CONTROLE MAN. 2022,360,GMT-0800,PNEU,"***** ***** 2808 TUE NOV 29 2022 19:00:00 GMT-0800 (PACIFIC STANDARD TIME) ABS-17204 76650 1.SUBSTITUIR04(QUATRO)PNEUSDEMEDIDAS275/80R22.5,SENDOOSPNEUSFORNECIDOSPELOSETORDEMOTOMECANIZAÇÃODO17ºGB;
2.FORNECERESUBSTITUIR04(QUATRO)BICOS,DOSPNEUSQUESERÃOSUBSTITUÍDOS.;
3.REALIZARALINHAMENTODEDIREÇÃO;
4.REALIZARLAVAGEMDOCHASSIELUBRIFICAÇÃODOSPONTOSDEGRAXA,FORNECENDOESUBSTITUINDOAGRAXANECESSÁRIA. APICEMOGI R$940,00 FINALIZADANANEO  "
CONTROLE MAN. 2022,366,GMT-0800,EMBREAGEM,"43314 ***** 2819 TUE NOV 15 2022 19:00:00 GMT-0800 (PACIFIC STANDARD TIME) CM-17102 39830 1.FORNECERESUBSTITUIROCONJUNTODAEMBREAGEM;
2.FORNECERESUBSTITUIROROLAMENTODOVOLANTEDOMOTOR;
3.FORNECERESUBSTITUIROCILINDRODAEMBREAGEM;
4.FORNECERESUBSTITUIROSERVODAEMBREAGEM;
5.FORNECERESUBSTITUIROFLUÍDODOT4,PARAEMBREAGEM;
6.REALIZARRETÍFICADOVOLANTEDOMOTOR. BFDIESEL R$16.000,00 FINALIZADANANEO  "
CONTROLE MAN. 2022,372,GMT-0800,PNEU,"43385 ***** 2823 SUN NOV 20 2022 19:00:00 GMT-0800 (PACIFIC STANDARD TIME) AB-17102 74482 1.FORNECERESUBSTITUIR02(DOIS)315/80R22.5DIRECIONAL(LISO)154/150MCONSTRUÇÃORADIAL;
2.FORNECERESUBSTITUIR02(DOIS)BICOS;
3.REALIZAROBALANCEAMENTODE02(DOIS)PNEUS.
4.REALIZARALINHAMENTODEDIREÇÃO. APICEJACUPESSEGO R$8.970,00 FINALIZADANANEO  "
CONTROLE MAN. 2022,386,GMT-0800,EMBREAGEM,***** ***** ***** TUE NOV 08 2022 19:00:00 GMT-0800 (PACIFIC STANDARD TIME) CA-17001 249773 REGULAGEMDOPEDALDEEMBREAGEM TIZIL R$- NÃOHOUVEO.S.GEFROE  
CONTROLE MAN. 2022,397,GMT-0800,PNEU,***** ***** ***** MON NOV 21 2022 19:00:00 GMT-0800 (PACIFIC STANDARD TIME) ABS-17105 31212 TROCADOSDOISPNEUSDIANTEIROS PBGUARAREMA R$- NÃOHOUVEO.S.GEFROE  
CONTROLE MAN. 2022,406,GMT-0800,PNEU,"44475 ***** ***** THU NOV 24 2022 19:00:00 GMT-0800 (PACIFIC STANDARD TIME) VO-17104 15184 CONSERTOPNEUTRASEIROLADODIREITO(PNEUFURADO) RE9DIESEL R$25,00 NÃOHOUVEO.S.GEFROE  "
CONTROLE MAN. 2022,408,GMT-0800,PNEU,"***** ***** ***** SUN DEC 04 2022 19:00:00 GMT-0800 (PACIFIC STANDARD TIME) TP-17004 252172 CONSERTOPNEUDIANTEIROESQUERDO(PNEUFURADO) RE9DIESEL R$25,00 NÃOHOUVEO.S.GEFROE  "
CONTROLE MAN. 2022,415,ABS-17103,PNEU,"42138 ***** 2908  ABS-17103  1.FORNECERESUBSTITUIR04(QUATRO)PNEUSPARACAMINHÃO,DETRAÇÃO,DIMENSÕES275/80R22,5,CONSTRUÇÃORADIAL,ARO22,5,IC152/148,COD.VEL.“M”,NOVO(PRIMEIRAVIDA),COMCERTIFICAÇÃOCOMPULSÓRIAINMETRO.ATENDENDOANORMAABNTNBR15296/2005;
2.EFETUARAMONTAGEM,BALANCEAMENTOECALIBRAGEMDE04(QUATRO)PNEUS,CONFORMEESPECIFICAÇÕESDOFABRICANTE. APICEJACUPESSEGO R$13.456,00 APROVADANANEO  "
CONTROLE MAN. 2022,416,MOB-17104,PNEU,"44499 ***** 2909  MOB-17104  1.FORNECERESUBSTITUIROPNEUDIANTEIRODEMEDIDA100/90R19;
2.FORNECERESUBSTITUIROPNEUTRASEIRODEMEDIDA130/80R17; LYLLYMOTOS R$1.825,00 APROVADANANEO  "
CONTROLE MAN. 2022,429,MT-17004,PNEU,"43268 ***** 2944  MT-17004  1.FORNECERESUBSTITUIROPNEUDIANTEIRO,DEMEDIDAS90/90R21,CONFORMEESPECIFICAÇÃODOFABRICANTE;
2.FORNECERESUBSTITUIROPNEUTRASEIRO,DEMEDIDAS120/90R17,CONFORMEESPECIFICAÇÃODOFABRICANTE;
3.FORNECERESUBSTITUIROEIXODOPEDALDATROCADEMARCHAS; LYLLYMOTOS R$1.539,00 APROVADANANEO  "
CONTROLE MAN. 2022,439,GMT-0800,PNEU,"44599 ***** ***** THU DEC 22 2022 19:00:00 GMT-0800 (PACIFIC STANDARD TIME) VO-17103 50325 TROCADOS04PNEUS(205/65R15-94HROADWEARCOMPASAL);ALINHAMENTODEDIREÇÃO;BALANCEAMENTODAS04RODAS SHIMIZU R$1.928,44 NÃOHOUVEO.S.GEFROE  "
CONTROLE MAN. 2022,445,GMT-0800,EMBREAGEM,"44514 ***** ***** SUN DEC 04 2022 19:00:00 GMT-0800 (PACIFIC STANDARD TIME) ABS-17101 226210 TROCADAEMBREAGEMVISCOSA;TROCADAVÁLVULATERMOSTÁTICA TIZIL R$1.259,50 NÃOHOUVEO.S.GEFROE  "